RunTime,ExecutableName
2024-11-16 20:37:43,\VOLUME{01d910b5b8a367ec-6eb8e33a}\PROGRAM FILES\7-ZIP\7ZFM.EXE
2024-10-11 07:00:02,\VOLUME{01d910b5b8a367ec-6eb8e33a}\PROGRAM FILES\7-ZIP\7ZFM.EXE
2024-07-22 20:42:05,\VOLUME{01d910b5b8a367ec-6eb8e33a}\PROGRAM FILES\7-ZIP\7ZFM.EXE
2024-07-22 19:16:52,\VOLUME{01d910b5b8a367ec-6eb8e33a}\PROGRAM FILES\7-ZIP\7ZFM.EXE
2024-07-22 15:14:52,\VOLUME{01d910b5b8a367ec-6eb8e33a}\PROGRAM FILES\7-ZIP\7ZFM.EXE
2024-07-20 21:16:50,\VOLUME{01d910b5b8a367ec-6eb8e33a}\PROGRAM FILES\7-ZIP\7ZFM.EXE
2024-07-20 20:45:56,\VOLUME{01d910b5b8a367ec-6eb8e33a}\PROGRAM FILES\7-ZIP\7ZFM.EXE
2024-07-19 16:23:04,\VOLUME{01d910b5b8a367ec-6eb8e33a}\PROGRAM FILES\7-ZIP\7ZFM.EXE
2024-07-24 14:42:14,\VOLUME{01d910b5b8a367ec-6eb8e33a}\PROGRAM FILES\7-ZIP\7ZG.EXE
2024-07-24 14:38:00,\VOLUME{01d910b5b8a367ec-6eb8e33a}\PROGRAM FILES\7-ZIP\7ZG.EXE
2024-07-22 20:41:58,\VOLUME{01d910b5b8a367ec-6eb8e33a}\PROGRAM FILES\7-ZIP\7ZG.EXE
2024-07-22 19:16:39,\VOLUME{01d910b5b8a367ec-6eb8e33a}\PROGRAM FILES\7-ZIP\7ZG.EXE
2024-07-20 20:45:34,\VOLUME{01d910b5b8a367ec-6eb8e33a}\PROGRAM FILES\7-ZIP\7ZG.EXE
2024-07-18 21:23:20,\VOLUME{01d910b5b8a367ec-6eb8e33a}\PROGRAM FILES\7-ZIP\7ZG.EXE
2024-07-18 21:22:34,\VOLUME{01d910b5b8a367ec-6eb8e33a}\PROGRAM FILES\7-ZIP\7ZG.EXE
2024-11-20 19:56:44,\VOLUME{01d910b5b8a367ec-6eb8e33a}\PROGRAM FILES\ADOBE\ACROBAT DC\ACROBAT\ACROBAT.EXE
2024-11-19 18:46:14,\VOLUME{01d910b5b8a367ec-6eb8e33a}\PROGRAM FILES\ADOBE\ACROBAT DC\ACROBAT\ACROBAT.EXE
2024-11-19 18:39:41,\VOLUME{01d910b5b8a367ec-6eb8e33a}\PROGRAM FILES\ADOBE\ACROBAT DC\ACROBAT\ACROBAT.EXE
2024-11-19 18:30:31,\VOLUME{01d910b5b8a367ec-6eb8e33a}\PROGRAM FILES\ADOBE\ACROBAT DC\ACROBAT\ACROBAT.EXE
2024-11-18 18:35:43,\VOLUME{01d910b5b8a367ec-6eb8e33a}\PROGRAM FILES\ADOBE\ACROBAT DC\ACROBAT\ACROBAT.EXE
2024-11-08 21:15:30,\VOLUME{01d910b5b8a367ec-6eb8e33a}\PROGRAM FILES\ADOBE\ACROBAT DC\ACROBAT\ACROBAT.EXE
2024-11-08 19:24:42,\VOLUME{01d910b5b8a367ec-6eb8e33a}\PROGRAM FILES\ADOBE\ACROBAT DC\ACROBAT\ACROBAT.EXE
2024-11-08 06:47:46,\VOLUME{01d910b5b8a367ec-6eb8e33a}\PROGRAM FILES\ADOBE\ACROBAT DC\ACROBAT\ACROBAT.EXE
2024-11-20 19:56:44,\VOLUME{01d910b5b8a367ec-6eb8e33a}\PROGRAM FILES\ADOBE\ACROBAT DC\ACROBAT\ACROBAT.EXE
2024-11-19 18:46:14,\VOLUME{01d910b5b8a367ec-6eb8e33a}\PROGRAM FILES\ADOBE\ACROBAT DC\ACROBAT\ACROBAT.EXE
2024-11-19 18:39:41,\VOLUME{01d910b5b8a367ec-6eb8e33a}\PROGRAM FILES\ADOBE\ACROBAT DC\ACROBAT\ACROBAT.EXE
2024-11-19 18:30:31,\VOLUME{01d910b5b8a367ec-6eb8e33a}\PROGRAM FILES\ADOBE\ACROBAT DC\ACROBAT\ACROBAT.EXE
2024-11-18 18:35:43,\VOLUME{01d910b5b8a367ec-6eb8e33a}\PROGRAM FILES\ADOBE\ACROBAT DC\ACROBAT\ACROBAT.EXE
2024-11-08 21:15:30,\VOLUME{01d910b5b8a367ec-6eb8e33a}\PROGRAM FILES\ADOBE\ACROBAT DC\ACROBAT\ACROBAT.EXE
2024-11-08 19:24:42,\VOLUME{01d910b5b8a367ec-6eb8e33a}\PROGRAM FILES\ADOBE\ACROBAT DC\ACROBAT\ACROBAT.EXE
2024-11-08 06:47:46,\VOLUME{01d910b5b8a367ec-6eb8e33a}\PROGRAM FILES\ADOBE\ACROBAT DC\ACROBAT\ACROBAT.EXE
2024-11-20 19:56:47,\VOLUME{01d910b5b8a367ec-6eb8e33a}\PROGRAM FILES\ADOBE\ACROBAT DC\ACROBAT\ACROCEF_1\ACROCEF.EXE
2024-11-20 19:56:47,\VOLUME{01d910b5b8a367ec-6eb8e33a}\PROGRAM FILES\ADOBE\ACROBAT DC\ACROBAT\ACROCEF_1\ACROCEF.EXE
2024-11-20 19:56:47,\VOLUME{01d910b5b8a367ec-6eb8e33a}\PROGRAM FILES\ADOBE\ACROBAT DC\ACROBAT\ACROCEF_1\ACROCEF.EXE
2024-11-20 19:56:47,\VOLUME{01d910b5b8a367ec-6eb8e33a}\PROGRAM FILES\ADOBE\ACROBAT DC\ACROBAT\ACROCEF_1\ACROCEF.EXE
2024-11-20 19:56:47,\VOLUME{01d910b5b8a367ec-6eb8e33a}\PROGRAM FILES\ADOBE\ACROBAT DC\ACROBAT\ACROCEF_1\ACROCEF.EXE
2024-11-20 19:56:47,\VOLUME{01d910b5b8a367ec-6eb8e33a}\PROGRAM FILES\ADOBE\ACROBAT DC\ACROBAT\ACROCEF_1\ACROCEF.EXE
2024-11-20 19:56:47,\VOLUME{01d910b5b8a367ec-6eb8e33a}\PROGRAM FILES\ADOBE\ACROBAT DC\ACROBAT\ACROCEF_1\ACROCEF.EXE
2024-11-20 18:02:24,AM_DELTA_PATCH_1.421.374.0.EX
2024-11-17 19:52:36,\VOLUME{01d910b5b8a367ec-6eb8e33a}\USERS\ADMINISTRATOR\DOWNLOADS\UNCONFIRMED 884962\API MONITOR (ROHITAB.COM)\APIMONITOR-X64.EXE
2024-11-20 18:00:08,\VOLUME{01d910b5b8a367ec-6eb8e33a}\WINDOWS\SYSTEM32\APPLICATIONFRAMEHOST.EXE
2024-11-19 18:25:02,\VOLUME{01d910b5b8a367ec-6eb8e33a}\WINDOWS\SYSTEM32\APPLICATIONFRAMEHOST.EXE
2024-11-18 18:09:34,\VOLUME{01d910b5b8a367ec-6eb8e33a}\WINDOWS\SYSTEM32\APPLICATIONFRAMEHOST.EXE
2024-11-17 17:36:03,\VOLUME{01d910b5b8a367ec-6eb8e33a}\WINDOWS\SYSTEM32\APPLICATIONFRAMEHOST.EXE
2024-11-16 19:04:27,\VOLUME{01d910b5b8a367ec-6eb8e33a}\WINDOWS\SYSTEM32\APPLICATIONFRAMEHOST.EXE
2024-11-15 20:51:25,\VOLUME{01d910b5b8a367ec-6eb8e33a}\WINDOWS\SYSTEM32\APPLICATIONFRAMEHOST.EXE
2024-11-15 16:47:46,\VOLUME{01d910b5b8a367ec-6eb8e33a}\WINDOWS\SYSTEM32\APPLICATIONFRAMEHOST.EXE
2024-11-15 05:47:10,\VOLUME{01d910b5b8a367ec-6eb8e33a}\WINDOWS\SYSTEM32\APPLICATIONFRAMEHOST.EXE
2024-10-25 21:55:08,\VOLUME{01d910b5b8a367ec-6eb8e33a}\USERS\ADMINISTRATOR\DESKTOP\SYSINTERNALSSUITE\AUTORUNS.EXE
2024-11-20 19:43:41,\VOLUME{01d910b5b8a367ec-6eb8e33a}\WINDOWS\SYSTEM32\BACKGROUNDTASKHOST.EXE
2024-11-20 19:14:16,\VOLUME{01d910b5b8a367ec-6eb8e33a}\WINDOWS\SYSTEM32\BACKGROUNDTASKHOST.EXE
2024-11-20 19:02:00,\VOLUME{01d910b5b8a367ec-6eb8e33a}\WINDOWS\SYSTEM32\BACKGROUNDTASKHOST.EXE
2024-11-20 18:59:42,\VOLUME{01d910b5b8a367ec-6eb8e33a}\WINDOWS\SYSTEM32\BACKGROUNDTASKHOST.EXE
2024-11-20 18:59:42,\VOLUME{01d910b5b8a367ec-6eb8e33a}\WINDOWS\SYSTEM32\BACKGROUNDTASKHOST.EXE
2024-11-20 18:40:07,\VOLUME{01d910b5b8a367ec-6eb8e33a}\WINDOWS\SYSTEM32\BACKGROUNDTASKHOST.EXE
2024-11-20 18:29:21,\VOLUME{01d910b5b8a367ec-6eb8e33a}\WINDOWS\SYSTEM32\BACKGROUNDTASKHOST.EXE
2024-11-20 18:00:05,\VOLUME{01d910b5b8a367ec-6eb8e33a}\WINDOWS\SYSTEM32\BDEUISRV.EXE
2024-11-16 20:47:08,\VOLUME{01d910b5b8a367ec-6eb8e33a}\PROGRAM FILES\WINDOWSAPPS\MICROSOFT.WINDOWSCALCULATOR_11.2409.0.0_X64__8WEKYB3D8BBWE\CALCULATORAPP.EXE
2024-11-16 20:45:18,\VOLUME{01d910b5b8a367ec-6eb8e33a}\PROGRAM FILES\WINDOWSAPPS\MICROSOFT.WINDOWSCALCULATOR_11.2409.0.0_X64__8WEKYB3D8BBWE\CALCULATORAPP.EXE
2024-11-20 18:09:34,\VOLUME{01d910b5b8a367ec-6eb8e33a}\PROGRAM FILES\GOOGLE\CHROME\APPLICATION\CHROME.EXE
2024-11-19 18:28:01,\VOLUME{01d910b5b8a367ec-6eb8e33a}\PROGRAM FILES\GOOGLE\CHROME\APPLICATION\CHROME.EXE
2024-11-18 18:25:39,\VOLUME{01d910b5b8a367ec-6eb8e33a}\PROGRAM FILES\GOOGLE\CHROME\APPLICATION\CHROME.EXE
2024-11-17 19:46:53,\VOLUME{01d910b5b8a367ec-6eb8e33a}\PROGRAM FILES\GOOGLE\CHROME\APPLICATION\CHROME.EXE
2024-11-17 19:44:20,\VOLUME{01d910b5b8a367ec-6eb8e33a}\PROGRAM FILES\GOOGLE\CHROME\APPLICATION\CHROME.EXE
2024-11-17 19:38:35,\VOLUME{01d910b5b8a367ec-6eb8e33a}\PROGRAM FILES\GOOGLE\CHROME\APPLICATION\CHROME.EXE
2024-11-17 17:35:58,\VOLUME{01d910b5b8a367ec-6eb8e33a}\PROGRAM FILES\GOOGLE\CHROME\APPLICATION\CHROME.EXE
2024-11-16 19:14:43,\VOLUME{01d910b5b8a367ec-6eb8e33a}\PROGRAM FILES\GOOGLE\CHROME\APPLICATION\CHROME.EXE
2024-11-20 20:05:52,\VOLUME{01d910b5b8a367ec-6eb8e33a}\PROGRAM FILES\GOOGLE\CHROME\APPLICATION\CHROME.EXE
2024-11-20 18:09:50,\VOLUME{01d910b5b8a367ec-6eb8e33a}\PROGRAM FILES\GOOGLE\CHROME\APPLICATION\CHROME.EXE
2024-11-20 18:09:50,\VOLUME{01d910b5b8a367ec-6eb8e33a}\PROGRAM FILES\GOOGLE\CHROME\APPLICATION\CHROME.EXE
2024-11-20 18:09:44,\VOLUME{01d910b5b8a367ec-6eb8e33a}\PROGRAM FILES\GOOGLE\CHROME\APPLICATION\CHROME.EXE
2024-11-20 18:09:43,\VOLUME{01d910b5b8a367ec-6eb8e33a}\PROGRAM FILES\GOOGLE\CHROME\APPLICATION\CHROME.EXE
2024-11-20 18:09:43,\VOLUME{01d910b5b8a367ec-6eb8e33a}\PROGRAM FILES\GOOGLE\CHROME\APPLICATION\CHROME.EXE
2024-11-20 18:09:35,\VOLUME{01d910b5b8a367ec-6eb8e33a}\PROGRAM FILES\GOOGLE\CHROME\APPLICATION\CHROME.EXE
2024-11-20 18:09:43,\VOLUME{01d910b5b8a367ec-6eb8e33a}\PROGRAM FILES\GOOGLE\CHROME\APPLICATION\CHROME.EXE
2024-11-20 18:11:35,\VOLUME{01d910b5b8a367ec-6eb8e33a}\PROGRAM FILES\GOOGLE\CHROME\APPLICATION\CHROME.EXE
2024-11-20 18:09:34,\VOLUME{01d910b5b8a367ec-6eb8e33a}\PROGRAM FILES\GOOGLE\CHROME\APPLICATION\CHROME.EXE
2024-11-20 20:05:52,\VOLUME{01d910b5b8a367ec-6eb8e33a}\PROGRAM FILES\GOOGLE\CHROME\APPLICATION\CHROME.EXE
2024-11-20 19:53:14,\VOLUME{01d910b5b8a367ec-6eb8e33a}\PROGRAM FILES\GOOGLE\CHROME\APPLICATION\CHROME.EXE
2024-11-20 18:10:05,\VOLUME{01d910b5b8a367ec-6eb8e33a}\PROGRAM FILES\GOOGLE\CHROME\APPLICATION\CHROME.EXE
2024-11-20 18:10:05,\VOLUME{01d910b5b8a367ec-6eb8e33a}\PROGRAM FILES\GOOGLE\CHROME\APPLICATION\CHROME.EXE
2024-11-20 18:10:05,\VOLUME{01d910b5b8a367ec-6eb8e33a}\PROGRAM FILES\GOOGLE\CHROME\APPLICATION\CHROME.EXE
2024-11-19 18:39:30,\VOLUME{01d910b5b8a367ec-6eb8e33a}\PROGRAM FILES\GOOGLE\CHROME\APPLICATION\CHROME.EXE
2024-11-19 18:33:18,\VOLUME{01d910b5b8a367ec-6eb8e33a}\PROGRAM FILES\GOOGLE\CHROME\APPLICATION\CHROME.EXE
2024-11-19 18:28:02,\VOLUME{01d910b5b8a367ec-6eb8e33a}\PROGRAM FILES\GOOGLE\CHROME\APPLICATION\CHROME.EXE
2023-10-04 17:59:14,\VOLUME{01d910b5b8a367ec-6eb8e33a}\WINDOWS\SYSTEMAPPS\MICROSOFT.WINDOWS.APPREP.CHXAPP_CW5N1H2TXYEWY\CHXSMARTSCREEN.EXE
2023-10-04 17:56:01,\VOLUME{01d910b5b8a367ec-6eb8e33a}\WINDOWS\SYSTEMAPPS\MICROSOFT.WINDOWS.APPREP.CHXAPP_CW5N1H2TXYEWY\CHXSMARTSCREEN.EXE
2024-10-01 18:31:39,\VOLUME{01d910b5b8a367ec-6eb8e33a}\WINDOWS\SYSTEMAPPS\MICROSOFT.WINDOWS.APPREP.CHXAPP_CW5N1H2TXYEWY\CHXSMARTSCREEN.EXE
2024-11-20 19:29:17,\VOLUME{01d910b5b8a367ec-6eb8e33a}\WINDOWS\SYSTEM32\CLIPUP.EXE
2024-11-20 19:29:17,\VOLUME{01d910b5b8a367ec-6eb8e33a}\WINDOWS\SYSTEM32\CLIPUP.EXE
2024-11-20 18:59:17,\VOLUME{01d910b5b8a367ec-6eb8e33a}\WINDOWS\SYSTEM32\CLIPUP.EXE
2024-11-20 18:59:17,\VOLUME{01d910b5b8a367ec-6eb8e33a}\WINDOWS\SYSTEM32\CLIPUP.EXE
2024-11-20 18:19:09,\VOLUME{01d910b5b8a367ec-6eb8e33a}\WINDOWS\SYSTEM32\CMD.EXE
2024-11-20 18:19:01,\VOLUME{01d910b5b8a367ec-6eb8e33a}\WINDOWS\SYSTEM32\CMD.EXE
2024-11-20 18:16:55,\VOLUME{01d910b5b8a367ec-6eb8e33a}\WINDOWS\SYSTEM32\CMD.EXE
2024-11-20 18:19:01,\VOLUME{01d910b5b8a367ec-6eb8e33a}\USERS\ADMINISTRATOR\APPDATA\LOCAL\PROGRAMS\MICROSOFT VS CODE\CODE.EXE
2024-11-20 18:16:51,\VOLUME{01d910b5b8a367ec-6eb8e33a}\USERS\ADMINISTRATOR\APPDATA\LOCAL\PROGRAMS\MICROSOFT VS CODE\CODE.EXE
2024-11-20 18:14:00,\VOLUME{01d910b5b8a367ec-6eb8e33a}\USERS\ADMINISTRATOR\APPDATA\LOCAL\PROGRAMS\MICROSOFT VS CODE\CODE.EXE
2024-11-19 20:10:41,\VOLUME{01d910b5b8a367ec-6eb8e33a}\USERS\ADMINISTRATOR\APPDATA\LOCAL\PROGRAMS\MICROSOFT VS CODE\CODE.EXE
2024-11-19 19:50:21,\VOLUME{01d910b5b8a367ec-6eb8e33a}\USERS\ADMINISTRATOR\APPDATA\LOCAL\PROGRAMS\MICROSOFT VS CODE\CODE.EXE
2024-11-19 19:47:44,\VOLUME{01d910b5b8a367ec-6eb8e33a}\USERS\ADMINISTRATOR\APPDATA\LOCAL\PROGRAMS\MICROSOFT VS CODE\CODE.EXE
2024-11-09 18:32:38,\VOLUME{01d910b5b8a367ec-6eb8e33a}\USERS\ADMINISTRATOR\APPDATA\LOCAL\PROGRAMS\MICROSOFT VS CODE\CODE.EXE
2024-11-09 18:29:14,\VOLUME{01d910b5b8a367ec-6eb8e33a}\USERS\ADMINISTRATOR\APPDATA\LOCAL\PROGRAMS\MICROSOFT VS CODE\CODE.EXE
2024-11-20 18:16:52,\VOLUME{01d910b5b8a367ec-6eb8e33a}\USERS\ADMINISTRATOR\APPDATA\LOCAL\PROGRAMS\MICROSOFT VS CODE\CODE.EXE
2024-11-20 18:14:51,\VOLUME{01d910b5b8a367ec-6eb8e33a}\USERS\ADMINISTRATOR\APPDATA\LOCAL\PROGRAMS\MICROSOFT VS CODE\CODE.EXE
2024-11-20 18:14:01,\VOLUME{01d910b5b8a367ec-6eb8e33a}\USERS\ADMINISTRATOR\APPDATA\LOCAL\PROGRAMS\MICROSOFT VS CODE\CODE.EXE
2024-11-20 18:18:52,\VOLUME{01d910b5b8a367ec-6eb8e33a}\USERS\ADMINISTRATOR\APPDATA\LOCAL\PROGRAMS\MICROSOFT VS CODE\CODE.EXE
2024-11-20 18:16:52,\VOLUME{01d910b5b8a367ec-6eb8e33a}\USERS\ADMINISTRATOR\APPDATA\LOCAL\PROGRAMS\MICROSOFT VS CODE\CODE.EXE
2024-11-20 18:14:51,\VOLUME{01d910b5b8a367ec-6eb8e33a}\USERS\ADMINISTRATOR\APPDATA\LOCAL\PROGRAMS\MICROSOFT VS CODE\CODE.EXE
2024-11-20 18:14:00,\VOLUME{01d910b5b8a367ec-6eb8e33a}\USERS\ADMINISTRATOR\APPDATA\LOCAL\PROGRAMS\MICROSOFT VS CODE\CODE.EXE
2024-11-20 18:16:52,\VOLUME{01d910b5b8a367ec-6eb8e33a}\USERS\ADMINISTRATOR\APPDATA\LOCAL\PROGRAMS\MICROSOFT VS CODE\CODE.EXE
2024-11-20 18:14:51,\VOLUME{01d910b5b8a367ec-6eb8e33a}\USERS\ADMINISTRATOR\APPDATA\LOCAL\PROGRAMS\MICROSOFT VS CODE\CODE.EXE
2024-11-20 18:14:00,\VOLUME{01d910b5b8a367ec-6eb8e33a}\USERS\ADMINISTRATOR\APPDATA\LOCAL\PROGRAMS\MICROSOFT VS CODE\CODE.EXE
2024-11-20 18:19:01,\VOLUME{01d910b5b8a367ec-6eb8e33a}\USERS\ADMINISTRATOR\APPDATA\LOCAL\PROGRAMS\MICROSOFT VS CODE\CODE.EXE
2024-11-20 18:16:53,\VOLUME{01d910b5b8a367ec-6eb8e33a}\USERS\ADMINISTRATOR\APPDATA\LOCAL\PROGRAMS\MICROSOFT VS CODE\CODE.EXE
2024-11-20 18:16:52,\VOLUME{01d910b5b8a367ec-6eb8e33a}\USERS\ADMINISTRATOR\APPDATA\LOCAL\PROGRAMS\MICROSOFT VS CODE\CODE.EXE
2024-11-20 18:14:59,\VOLUME{01d910b5b8a367ec-6eb8e33a}\USERS\ADMINISTRATOR\APPDATA\LOCAL\PROGRAMS\MICROSOFT VS CODE\CODE.EXE
2024-11-20 18:14:52,\VOLUME{01d910b5b8a367ec-6eb8e33a}\USERS\ADMINISTRATOR\APPDATA\LOCAL\PROGRAMS\MICROSOFT VS CODE\CODE.EXE
2024-11-20 18:14:52,\VOLUME{01d910b5b8a367ec-6eb8e33a}\USERS\ADMINISTRATOR\APPDATA\LOCAL\PROGRAMS\MICROSOFT VS CODE\CODE.EXE
2024-11-20 18:14:51,\VOLUME{01d910b5b8a367ec-6eb8e33a}\USERS\ADMINISTRATOR\APPDATA\LOCAL\PROGRAMS\MICROSOFT VS CODE\CODE.EXE
2024-11-20 18:14:52,\VOLUME{01d910b5b8a367ec-6eb8e33a}\USERS\ADMINISTRATOR\APPDATA\LOCAL\PROGRAMS\MICROSOFT VS CODE\CODE.EXE
2022-12-15 20:01:07,\VOLUME{01d910b5b8a367ec-6eb8e33a}\WINDOWS\SYSTEM32\COLORCPL.EXE
2024-11-20 18:37:02,\VOLUME{01d910b5b8a367ec-6eb8e33a}\WINDOWS\SYSTEM32\COMPATTELRUNNER.EXE
2024-11-20 19:50:01,\VOLUME{01d910b5b8a367ec-6eb8e33a}\WINDOWS\SYSTEM32\CONHOST.EXE
2024-11-20 19:43:09,\VOLUME{01d910b5b8a367ec-6eb8e33a}\WINDOWS\SYSTEM32\CONHOST.EXE
2024-11-20 19:39:30,\VOLUME{01d910b5b8a367ec-6eb8e33a}\WINDOWS\SYSTEM32\CONHOST.EXE
2024-11-20 19:29:17,\VOLUME{01d910b5b8a367ec-6eb8e33a}\WINDOWS\SYSTEM32\CONHOST.EXE
2024-11-20 19:06:32,\VOLUME{01d910b5b8a367ec-6eb8e33a}\WINDOWS\SYSTEM32\CONHOST.EXE
2024-11-20 18:57:35,\VOLUME{01d910b5b8a367ec-6eb8e33a}\WINDOWS\SYSTEM32\CONHOST.EXE
2024-11-20 18:51:12,\VOLUME{01d910b5b8a367ec-6eb8e33a}\WINDOWS\SYSTEM32\CONHOST.EXE
2024-11-20 18:25:58,\VOLUME{01d910b5b8a367ec-6eb8e33a}\WINDOWS\SYSTEM32\CONHOST.EXE
2024-11-08 06:50:35,\VOLUME{01d910b5b8a367ec-6eb8e33a}\WINDOWS\SYSTEM32\CREDENTIALUIBROKER.EXE
2024-10-15 16:44:02,\VOLUME{01d910b5b8a367ec-6eb8e33a}\WINDOWS\SYSTEM32\CREDENTIALUIBROKER.EXE
2024-10-13 18:39:03,\VOLUME{01d910b5b8a367ec-6eb8e33a}\WINDOWS\SYSTEM32\CREDENTIALUIBROKER.EXE
2024-10-08 18:59:01,\VOLUME{01d910b5b8a367ec-6eb8e33a}\WINDOWS\SYSTEM32\CREDENTIALUIBROKER.EXE
2024-10-07 18:43:17,\VOLUME{01d910b5b8a367ec-6eb8e33a}\WINDOWS\SYSTEM32\CREDENTIALUIBROKER.EXE
2024-10-05 07:21:03,\VOLUME{01d910b5b8a367ec-6eb8e33a}\WINDOWS\SYSTEM32\CREDENTIALUIBROKER.EXE
2024-10-01 18:27:30,\VOLUME{01d910b5b8a367ec-6eb8e33a}\WINDOWS\SYSTEM32\CREDENTIALUIBROKER.EXE
2024-08-01 20:58:19,\VOLUME{01d910b5b8a367ec-6eb8e33a}\WINDOWS\SYSTEM32\CREDENTIALUIBROKER.EXE
2024-11-20 18:27:04,\VOLUME{01d910b5b8a367ec-6eb8e33a}\WINDOWS\MICROSOFT.NET\FRAMEWORK64\V4.0.30319\CSC.EXE
2024-11-20 18:18:20,\VOLUME{01d910b5b8a367ec-6eb8e33a}\WINDOWS\MICROSOFT.NET\FRAMEWORK64\V4.0.30319\CSC.EXE
2024-11-20 18:27:04,\VOLUME{01d910b5b8a367ec-6eb8e33a}\WINDOWS\MICROSOFT.NET\FRAMEWORK64\V4.0.30319\CVTRES.EXE
2024-11-20 18:18:21,\VOLUME{01d910b5b8a367ec-6eb8e33a}\WINDOWS\MICROSOFT.NET\FRAMEWORK64\V4.0.30319\CVTRES.EXE
2024-11-19 19:45:59,\VOLUME{01d910b5b8a367ec-6eb8e33a}\USERS\ADMINISTRATOR\DESKTOP\DB.BROWSER.FOR.SQLITE-V3.13.1-WIN64\DB BROWSER FOR SQLITE.EXE
2024-11-06 17:55:16,\VOLUME{01d910b5b8a367ec-6eb8e33a}\USERS\ADMINISTRATOR\DESKTOP\DB.BROWSER.FOR.SQLITE-V3.13.1-WIN64\DB BROWSER FOR SQLITE.EXE
2024-11-05 17:54:18,\VOLUME{01d910b5b8a367ec-6eb8e33a}\USERS\ADMINISTRATOR\DESKTOP\DB.BROWSER.FOR.SQLITE-V3.13.1-WIN64\DB BROWSER FOR SQLITE.EXE
2024-11-04 18:35:52,\VOLUME{01d910b5b8a367ec-6eb8e33a}\USERS\ADMINISTRATOR\DESKTOP\DB.BROWSER.FOR.SQLITE-V3.13.1-WIN64\DB BROWSER FOR SQLITE.EXE
2024-11-04 18:26:55,\VOLUME{01d910b5b8a367ec-6eb8e33a}\USERS\ADMINISTRATOR\DESKTOP\DB.BROWSER.FOR.SQLITE-V3.13.1-WIN64\DB BROWSER FOR SQLITE.EXE
2024-11-03 18:57:51,\VOLUME{01d910b5b8a367ec-6eb8e33a}\USERS\ADMINISTRATOR\DESKTOP\DB.BROWSER.FOR.SQLITE-V3.13.1-WIN64\DB BROWSER FOR SQLITE.EXE
2024-11-02 19:56:02,\VOLUME{01d910b5b8a367ec-6eb8e33a}\USERS\ADMINISTRATOR\DESKTOP\DB.BROWSER.FOR.SQLITE-V3.13.1-WIN64\DB BROWSER FOR SQLITE.EXE
2024-11-02 19:51:03,\VOLUME{01d910b5b8a367ec-6eb8e33a}\USERS\ADMINISTRATOR\DESKTOP\DB.BROWSER.FOR.SQLITE-V3.13.1-WIN64\DB BROWSER FOR SQLITE.EXE
2024-11-20 18:00:22,\VOLUME{01d910b5b8a367ec-6eb8e33a}\WINDOWS\SYSTEM32\DRIVERSTORE\FILEREPOSITORY\NVHM.INF_AMD64_AE10454E1CE27BD8\DBINSTALLER.EXE
2024-11-20 18:14:38,\VOLUME{01d910b5b8a367ec-6eb8e33a}\WINDOWS\SYSTEM32\DLLHOST.EXE
2024-11-20 18:16:50,\VOLUME{01d910b5b8a367ec-6eb8e33a}\WINDOWS\SYSTEM32\DLLHOST.EXE
2024-11-20 18:14:46,\VOLUME{01d910b5b8a367ec-6eb8e33a}\WINDOWS\SYSTEM32\DLLHOST.EXE
2024-11-20 18:09:47,\VOLUME{01d910b5b8a367ec-6eb8e33a}\WINDOWS\SYSTEM32\DLLHOST.EXE
2024-01-09 19:17:32,\VOLUME{01d910b5b8a367ec-6eb8e33a}\WINDOWS\SYSTEM32\DLLHOST.EXE
2024-11-20 17:59:51,\VOLUME{01d910b5b8a367ec-6eb8e33a}\WINDOWS\SYSTEM32\DLLHOST.EXE
2024-07-24 14:59:26,\VOLUME{01d910b5b8a367ec-6eb8e33a}\WINDOWS\SYSTEM32\DLLHOST.EXE
2024-07-24 14:59:14,\VOLUME{01d910b5b8a367ec-6eb8e33a}\WINDOWS\SYSTEM32\DLLHOST.EXE
2024-04-15 08:34:24,\VOLUME{01d910b5b8a367ec-6eb8e33a}\WINDOWS\SYSTEM32\DLLHOST.EXE
2024-03-28 21:11:42,\VOLUME{01d910b5b8a367ec-6eb8e33a}\WINDOWS\SYSTEM32\DLLHOST.EXE
2024-11-20 20:10:52,\VOLUME{01d910b5b8a367ec-6eb8e33a}\WINDOWS\SYSWOW64\DLLHOST.EXE
2024-11-20 20:05:59,\VOLUME{01d910b5b8a367ec-6eb8e33a}\WINDOWS\SYSWOW64\DLLHOST.EXE
2024-11-20 19:56:33,\VOLUME{01d910b5b8a367ec-6eb8e33a}\WINDOWS\SYSWOW64\DLLHOST.EXE
2024-11-20 19:53:21,\VOLUME{01d910b5b8a367ec-6eb8e33a}\WINDOWS\SYSWOW64\DLLHOST.EXE
2024-11-20 18:51:12,\VOLUME{01d910b5b8a367ec-6eb8e33a}\WINDOWS\SYSWOW64\DLLHOST.EXE
2024-11-20 18:50:45,\VOLUME{01d910b5b8a367ec-6eb8e33a}\WINDOWS\SYSWOW64\DLLHOST.EXE
2024-11-20 18:50:38,\VOLUME{01d910b5b8a367ec-6eb8e33a}\WINDOWS\SYSWOW64\DLLHOST.EXE
2024-11-20 18:27:17,\VOLUME{01d910b5b8a367ec-6eb8e33a}\WINDOWS\SYSWOW64\DLLHOST.EXE
2024-11-20 18:14:38,\VOLUME{01d910b5b8a367ec-6eb8e33a}\WINDOWS\SYSTEM32\DLLHOST.EXE
2024-11-17 18:56:49,\VOLUME{01d910b5b8a367ec-6eb8e33a}\WINDOWS\SYSTEM32\DLLHOST.EXE
2024-11-20 18:59:42,\VOLUME{01d910b5b8a367ec-6eb8e33a}\PROGRAM FILES (X86)\MICROSOFT\EDGE\APPLICATION\131.0.2903.51\ELEVATION_SERVICE.EXE
2023-08-05 15:23:39,\VOLUME{01d910b5b8a367ec-6eb8e33a}\PROGRAM FILES (X86)\EVENT LOG EXPLORER\ELEX.EXE
2023-07-24 15:17:14,\VOLUME{01d910b5b8a367ec-6eb8e33a}\PROGRAM FILES (X86)\EVENT LOG EXPLORER\ELEX.EXE
2023-07-22 18:20:38,\VOLUME{01d910b5b8a367ec-6eb8e33a}\PROGRAM FILES (X86)\EVENT LOG EXPLORER\ELEX.EXE
2023-07-22 18:20:00,\VOLUME{01d910b5b8a367ec-6eb8e33a}\PROGRAM FILES (X86)\EVENT LOG EXPLORER\ELEX.EXE
2023-07-22 18:14:51,\VOLUME{01d910b5b8a367ec-6eb8e33a}\PROGRAM FILES (X86)\EVENT LOG EXPLORER\ELEX.EXE
2023-07-22 18:13:52,\VOLUME{01d910b5b8a367ec-6eb8e33a}\PROGRAM FILES (X86)\EVENT LOG EXPLORER\ELEX.EXE
2023-07-22 18:05:35,\VOLUME{01d910b5b8a367ec-6eb8e33a}\PROGRAM FILES (X86)\EVENT LOG EXPLORER\ELEX.EXE
2023-07-22 17:58:19,\VOLUME{01d910b5b8a367ec-6eb8e33a}\PROGRAM FILES (X86)\EVENT LOG EXPLORER\ELEX.EXE
2023-08-05 15:23:27,\VOLUME{01d910b5b8a367ec-6eb8e33a}\USERS\ADMINISTRATOR\APPDATA\LOCAL\TEMP\IS-D3TPV.TMP\ELEX493_SETUP.TMP
2023-07-22 17:44:43,\VOLUME{01d910b5b8a367ec-6eb8e33a}\USERS\ADMINISTRATOR\APPDATA\LOCAL\TEMP\IS-0UR3B.TMP\ELEX_SETUP.TMP
2024-11-18 18:17:37,\VOLUME{01d910b5b8a367ec-6eb8e33a}\WINDOWS\EXPLORER.EXE
2024-11-17 18:56:26,\VOLUME{01d910b5b8a367ec-6eb8e33a}\WINDOWS\EXPLORER.EXE
2024-11-16 19:29:18,\VOLUME{01d910b5b8a367ec-6eb8e33a}\WINDOWS\EXPLORER.EXE
2024-11-16 19:29:18,\VOLUME{01d910b5b8a367ec-6eb8e33a}\WINDOWS\EXPLORER.EXE
2024-11-15 07:55:34,\VOLUME{01d910b5b8a367ec-6eb8e33a}\WINDOWS\EXPLORER.EXE
2024-11-15 07:50:06,\VOLUME{01d910b5b8a367ec-6eb8e33a}\WINDOWS\EXPLORER.EXE
2024-11-12 17:14:13,\VOLUME{01d910b5b8a367ec-6eb8e33a}\WINDOWS\EXPLORER.EXE
2024-11-12 17:14:13,\VOLUME{01d910b5b8a367ec-6eb8e33a}\WINDOWS\EXPLORER.EXE
2024-11-20 18:00:09,\VOLUME{01d910b5b8a367ec-6eb8e33a}\USERS\ADMINISTRATOR\APPDATA\LOCAL\MICROSOFT\ONEDRIVE\24.211.1020.0001\FILECOAUTH.EXE
2024-11-20 18:09:47,\VOLUME{01d910b5b8a367ec-6eb8e33a}\USERS\ADMINISTRATOR\APPDATA\LOCAL\MICROSOFT\ONEDRIVE\24.216.1027.0003\FILECOAUTH.EXE
2024-11-20 18:01:06,\VOLUME{01d910b5b8a367ec-6eb8e33a}\USERS\ADMINISTRATOR\APPDATA\LOCAL\MICROSOFT\ONEDRIVE\24.216.1027.0003\FILECOAUTH.EXE
2024-11-20 18:00:56,\VOLUME{01d910b5b8a367ec-6eb8e33a}\USERS\ADMINISTRATOR\APPDATA\LOCAL\MICROSOFT\ONEDRIVE\24.216.1027.0003\FILESYNCCONFIG.EXE
2024-11-08 06:48:52,\VOLUME{01d910b5b8a367ec-6eb8e33a}\PROGRAM FILES\FORTINET\FORTICLIENT\FORTICLIENT.EXE
2024-11-08 06:44:46,\VOLUME{01d910b5b8a367ec-6eb8e33a}\PROGRAM FILES\FORTINET\FORTICLIENT\FORTICLIENT.EXE
2024-11-08 06:41:11,\VOLUME{01d910b5b8a367ec-6eb8e33a}\PROGRAM FILES\FORTINET\FORTICLIENT\FORTICLIENT.EXE
2024-10-15 16:42:56,\VOLUME{01d910b5b8a367ec-6eb8e33a}\PROGRAM FILES\FORTINET\FORTICLIENT\FORTICLIENT.EXE
2024-10-13 18:38:07,\VOLUME{01d910b5b8a367ec-6eb8e33a}\PROGRAM FILES\FORTINET\FORTICLIENT\FORTICLIENT.EXE
2024-10-08 18:57:45,\VOLUME{01d910b5b8a367ec-6eb8e33a}\PROGRAM FILES\FORTINET\FORTICLIENT\FORTICLIENT.EXE
2024-10-07 18:40:45,\VOLUME{01d910b5b8a367ec-6eb8e33a}\PROGRAM FILES\FORTINET\FORTICLIENT\FORTICLIENT.EXE
2024-10-05 07:19:08,\VOLUME{01d910b5b8a367ec-6eb8e33a}\PROGRAM FILES\FORTINET\FORTICLIENT\FORTICLIENT.EXE
2024-01-08 07:20:34,FORTICLIENTVPNONLINEINSTALLER
2022-12-15 20:20:43,\VOLUME{01d910b5b8a367ec-6eb8e33a}\PROGRAM FILES\WINDOWSAPPS\MICROSOFT.XBOXGAMINGOVERLAY_2.34.28001.0_X64__8WEKYB3D8BBWE\GAMEBAR.EXE
2022-12-15 19:24:54,\VOLUME{01d910b5b8a367ec-6eb8e33a}\PROGRAM FILES\WINDOWSAPPS\MICROSOFT.XBOXGAMINGOVERLAY_2.34.28001.0_X64__8WEKYB3D8BBWE\GAMEBAR.EXE
2022-12-15 19:24:53,\VOLUME{01d910b5b8a367ec-6eb8e33a}\PROGRAM FILES\WINDOWSAPPS\MICROSOFT.XBOXGAMINGOVERLAY_2.34.28001.0_X64__8WEKYB3D8BBWE\GAMEBAR.EXE
2022-12-15 19:24:53,\VOLUME{01d910b5b8a367ec-6eb8e33a}\PROGRAM FILES\WINDOWSAPPS\MICROSOFT.XBOXGAMINGOVERLAY_2.34.28001.0_X64__8WEKYB3D8BBWE\GAMEBAR.EXE
2024-06-09 20:08:41,\VOLUME{01d910b5b8a367ec-6eb8e33a}\PROGRAM FILES\WINDOWSAPPS\MICROSOFT.XBOXGAMINGOVERLAY_7.124.3191.0_X64__8WEKYB3D8BBWE\GAMEBAR.EXE
2024-05-31 00:49:31,\VOLUME{01d910b5b8a367ec-6eb8e33a}\PROGRAM FILES\WINDOWSAPPS\MICROSOFT.XBOXGAMINGOVERLAY_7.124.3191.0_X64__8WEKYB3D8BBWE\GAMEBAR.EXE
2024-05-25 20:34:41,\VOLUME{01d910b5b8a367ec-6eb8e33a}\PROGRAM FILES\WINDOWSAPPS\MICROSOFT.XBOXGAMINGOVERLAY_7.124.3191.0_X64__8WEKYB3D8BBWE\GAMEBAR.EXE
2024-05-23 20:30:26,\VOLUME{01d910b5b8a367ec-6eb8e33a}\PROGRAM FILES\WINDOWSAPPS\MICROSOFT.XBOXGAMINGOVERLAY_7.124.3191.0_X64__8WEKYB3D8BBWE\GAMEBAR.EXE
2024-04-15 08:33:40,\VOLUME{01d910b5b8a367ec-6eb8e33a}\PROGRAM FILES\WINDOWSAPPS\MICROSOFT.XBOXGAMINGOVERLAY_7.124.3191.0_X64__8WEKYB3D8BBWE\GAMEBAR.EXE
2024-04-05 09:25:13,\VOLUME{01d910b5b8a367ec-6eb8e33a}\PROGRAM FILES\WINDOWSAPPS\MICROSOFT.XBOXGAMINGOVERLAY_7.124.3191.0_X64__8WEKYB3D8BBWE\GAMEBAR.EXE
2024-10-05 07:17:21,\VOLUME{01d910b5b8a367ec-6eb8e33a}\PROGRAM FILES\WINDOWSAPPS\MICROSOFT.XBOXGAMINGOVERLAY_7.224.9031.0_X64__8WEKYB3D8BBWE\GAMEBAR.EXE
2024-10-01 17:52:20,\VOLUME{01d910b5b8a367ec-6eb8e33a}\PROGRAM FILES\WINDOWSAPPS\MICROSOFT.XBOXGAMINGOVERLAY_7.224.9031.0_X64__8WEKYB3D8BBWE\GAMEBAR.EXE
2024-09-19 09:37:47,\VOLUME{01d910b5b8a367ec-6eb8e33a}\PROGRAM FILES\WINDOWSAPPS\MICROSOFT.XBOXGAMINGOVERLAY_7.224.9031.0_X64__8WEKYB3D8BBWE\GAMEBAR.EXE
2024-09-12 20:06:00,\VOLUME{01d910b5b8a367ec-6eb8e33a}\PROGRAM FILES\WINDOWSAPPS\MICROSOFT.XBOXGAMINGOVERLAY_7.124.5142.0_X64__8WEKYB3D8BBWE\GAMEBAR.EXE
2024-07-26 05:33:53,\VOLUME{01d910b5b8a367ec-6eb8e33a}\PROGRAM FILES\WINDOWSAPPS\MICROSOFT.XBOXGAMINGOVERLAY_7.124.5142.0_X64__8WEKYB3D8BBWE\GAMEBAR.EXE
2024-07-18 22:30:50,\VOLUME{01d910b5b8a367ec-6eb8e33a}\PROGRAM FILES\WINDOWSAPPS\MICROSOFT.XBOXGAMINGOVERLAY_7.124.5142.0_X64__8WEKYB3D8BBWE\GAMEBAR.EXE
2024-07-11 23:38:56,\VOLUME{01d910b5b8a367ec-6eb8e33a}\PROGRAM FILES\WINDOWSAPPS\MICROSOFT.XBOXGAMINGOVERLAY_7.124.5142.0_X64__8WEKYB3D8BBWE\GAMEBAR.EXE
2024-07-06 00:33:43,\VOLUME{01d910b5b8a367ec-6eb8e33a}\PROGRAM FILES\WINDOWSAPPS\MICROSOFT.XBOXGAMINGOVERLAY_7.124.5142.0_X64__8WEKYB3D8BBWE\GAMEBAR.EXE
2024-06-21 01:37:07,\VOLUME{01d910b5b8a367ec-6eb8e33a}\PROGRAM FILES\WINDOWSAPPS\MICROSOFT.XBOXGAMINGOVERLAY_7.124.5142.0_X64__8WEKYB3D8BBWE\GAMEBAR.EXE
2024-06-14 06:19:57,\VOLUME{01d910b5b8a367ec-6eb8e33a}\PROGRAM FILES\WINDOWSAPPS\MICROSOFT.XBOXGAMINGOVERLAY_7.124.5142.0_X64__8WEKYB3D8BBWE\GAMEBAR.EXE
2024-11-15 05:46:48,\VOLUME{01d910b5b8a367ec-6eb8e33a}\PROGRAM FILES\WINDOWSAPPS\MICROSOFT.XBOXGAMINGOVERLAY_7.224.9242.0_X64__8WEKYB3D8BBWE\GAMEBAR.EXE
2024-11-08 06:35:52,\VOLUME{01d910b5b8a367ec-6eb8e33a}\PROGRAM FILES\WINDOWSAPPS\MICROSOFT.XBOXGAMINGOVERLAY_7.224.9242.0_X64__8WEKYB3D8BBWE\GAMEBAR.EXE
2024-08-01 20:27:19,\VOLUME{01d910b5b8a367ec-6eb8e33a}\USERS\ADMINISTRATOR\APPDATA\LOCAL\TEMP\IS-2IERN.TMP\GIT-2.46.0-64-BIT.TMP
2024-08-01 22:02:37,\VOLUME{01d910b5b8a367ec-6eb8e33a}\USERS\ADMINISTRATOR\APPDATA\LOCAL\TEMP\IS-NE6VK.TMP\GIT-2.46.0-64-BIT.TMP
2024-08-01 22:13:08,\VOLUME{01d910b5b8a367ec-6eb8e33a}\PROGRAM FILES\GIT\MINGW64\BIN\GIT-CREDENTIAL-MANAGER.EXE
2024-08-01 22:13:08,\VOLUME{01d910b5b8a367ec-6eb8e33a}\PROGRAM FILES\GIT\MINGW64\BIN\GIT-CREDENTIAL-MANAGER.EXE
2024-08-01 22:08:33,\VOLUME{01d910b5b8a367ec-6eb8e33a}\PROGRAM FILES\GIT\MINGW64\BIN\GIT-CREDENTIAL-MANAGER.EXE
2024-08-01 22:08:33,\VOLUME{01d910b5b8a367ec-6eb8e33a}\PROGRAM FILES\GIT\MINGW64\BIN\GIT-CREDENTIAL-MANAGER.EXE
2024-08-01 22:04:33,\VOLUME{01d910b5b8a367ec-6eb8e33a}\PROGRAM FILES\GIT\MINGW64\BIN\GIT-CREDENTIAL-MANAGER.EXE
2024-08-01 22:04:19,\VOLUME{01d910b5b8a367ec-6eb8e33a}\PROGRAM FILES\GIT\MINGW64\BIN\GIT-CREDENTIAL-MANAGER.EXE
2024-11-20 19:50:01,\VOLUME{01d910b5b8a367ec-6eb8e33a}\PROGRAM FILES\GIT\MINGW64\BIN\GIT.EXE
2024-11-20 19:43:09,\VOLUME{01d910b5b8a367ec-6eb8e33a}\PROGRAM FILES\GIT\MINGW64\BIN\GIT.EXE
2024-11-20 19:39:30,\VOLUME{01d910b5b8a367ec-6eb8e33a}\PROGRAM FILES\GIT\MINGW64\BIN\GIT.EXE
2024-11-20 18:57:35,\VOLUME{01d910b5b8a367ec-6eb8e33a}\PROGRAM FILES\GIT\MINGW64\BIN\GIT.EXE
2024-11-20 18:51:12,\VOLUME{01d910b5b8a367ec-6eb8e33a}\PROGRAM FILES\GIT\MINGW64\BIN\GIT.EXE
2024-11-20 18:25:58,\VOLUME{01d910b5b8a367ec-6eb8e33a}\PROGRAM FILES\GIT\MINGW64\BIN\GIT.EXE
2024-11-20 18:21:20,\VOLUME{01d910b5b8a367ec-6eb8e33a}\PROGRAM FILES\GIT\MINGW64\BIN\GIT.EXE
2024-11-20 18:20:41,\VOLUME{01d910b5b8a367ec-6eb8e33a}\PROGRAM FILES\GIT\MINGW64\BIN\GIT.EXE
2024-11-20 19:50:01,\VOLUME{01d910b5b8a367ec-6eb8e33a}\PROGRAM FILES\GIT\CMD\GIT.EXE
2024-11-20 19:43:09,\VOLUME{01d910b5b8a367ec-6eb8e33a}\PROGRAM FILES\GIT\CMD\GIT.EXE
2024-11-20 19:39:30,\VOLUME{01d910b5b8a367ec-6eb8e33a}\PROGRAM FILES\GIT\CMD\GIT.EXE
2024-11-20 18:57:35,\VOLUME{01d910b5b8a367ec-6eb8e33a}\PROGRAM FILES\GIT\CMD\GIT.EXE
2024-11-20 18:51:12,\VOLUME{01d910b5b8a367ec-6eb8e33a}\PROGRAM FILES\GIT\CMD\GIT.EXE
2024-11-20 18:25:58,\VOLUME{01d910b5b8a367ec-6eb8e33a}\PROGRAM FILES\GIT\CMD\GIT.EXE
2024-11-20 18:21:20,\VOLUME{01d910b5b8a367ec-6eb8e33a}\PROGRAM FILES\GIT\CMD\GIT.EXE
2024-11-20 18:20:41,\VOLUME{01d910b5b8a367ec-6eb8e33a}\PROGRAM FILES\GIT\CMD\GIT.EXE
2024-03-28 21:10:32,\VOLUME{01d910b5b8a367ec-6eb8e33a}\WINDOWS\SYSTEMTEMP\GUMC5D3.TMP\GOOGLEUPDATE.EXE
2024-11-16 19:29:16,\VOLUME{01d910b5b8a367ec-6eb8e33a}\PROGRAM FILES\NOTEPAD++\UPDATER\GUP.EXE
2024-11-12 17:13:52,\VOLUME{01d910b5b8a367ec-6eb8e33a}\PROGRAM FILES\NOTEPAD++\UPDATER\GUP.EXE
2024-11-11 17:17:49,\VOLUME{01d910b5b8a367ec-6eb8e33a}\PROGRAM FILES\NOTEPAD++\UPDATER\GUP.EXE
2024-11-10 17:30:42,\VOLUME{01d910b5b8a367ec-6eb8e33a}\PROGRAM FILES\NOTEPAD++\UPDATER\GUP.EXE
2024-11-09 17:45:43,\VOLUME{01d910b5b8a367ec-6eb8e33a}\PROGRAM FILES\NOTEPAD++\UPDATER\GUP.EXE
2024-11-09 07:13:30,\VOLUME{01d910b5b8a367ec-6eb8e33a}\PROGRAM FILES\NOTEPAD++\UPDATER\GUP.EXE
2024-11-08 19:31:48,\VOLUME{01d910b5b8a367ec-6eb8e33a}\PROGRAM FILES\NOTEPAD++\UPDATER\GUP.EXE
2024-11-07 19:34:44,\VOLUME{01d910b5b8a367ec-6eb8e33a}\PROGRAM FILES\NOTEPAD++\UPDATER\GUP.EXE
2023-05-29 10:52:56,\VOLUME{01d910b5b8a367ec-6eb8e33a}\PROGRAM FILES\WINDOWSAPPS\MICROSOFT.WINDOWSCOMMUNICATIONSAPPS_16005.14326.21446.0_X64__8WEKYB3D8BBWE\HXACCOUNTS.EXE
2024-11-16 19:47:16,\VOLUME{01d910b5b8a367ec-6eb8e33a}\PROGRAM FILES\HXD\HXD.EXE
2024-11-15 21:01:44,\VOLUME{01d910b5b8a367ec-6eb8e33a}\PROGRAM FILES\HXD\HXD.EXE
2024-11-15 18:54:09,\VOLUME{01d910b5b8a367ec-6eb8e33a}\PROGRAM FILES\HXD\HXD.EXE
2024-11-13 18:08:57,\VOLUME{01d910b5b8a367ec-6eb8e33a}\PROGRAM FILES\HXD\HXD.EXE
2024-11-12 17:14:32,\VOLUME{01d910b5b8a367ec-6eb8e33a}\PROGRAM FILES\HXD\HXD.EXE
2024-11-11 17:07:31,\VOLUME{01d910b5b8a367ec-6eb8e33a}\PROGRAM FILES\HXD\HXD.EXE
2024-11-10 17:32:17,\VOLUME{01d910b5b8a367ec-6eb8e33a}\PROGRAM FILES\HXD\HXD.EXE
2024-11-09 20:44:16,\VOLUME{01d910b5b8a367ec-6eb8e33a}\PROGRAM FILES\HXD\HXD.EXE
2024-10-05 07:32:50,\VOLUME{01d910b5b8a367ec-6eb8e33a}\USERS\ADMINISTRATOR\APPDATA\LOCAL\TEMP\IS-2GJ5J.TMP\HXDSETUP.TMP
2023-05-29 10:52:55,\VOLUME{01d910b5b8a367ec-6eb8e33a}\PROGRAM FILES\WINDOWSAPPS\MICROSOFT.WINDOWSCOMMUNICATIONSAPPS_16005.14326.21446.0_X64__8WEKYB3D8BBWE\HXOUTLOOK.EXE
2024-11-20 18:59:42,\VOLUME{01d910b5b8a367ec-6eb8e33a}\PROGRAM FILES (X86)\MICROSOFT\EDGECORE\131.0.2903.51\IDENTITY_HELPER.EXE
2022-12-15 19:14:57,\VOLUME{01d910b5b8a367ec-6eb8e33a}\USERS\ADMINISTRATOR\APPDATA\LOCAL\TEMP\JDS967875.TMP\JRE-8U351-WINDOWS-X64.EXE
2023-07-19 19:46:34,\VOLUME{01d910b5b8a367ec-6eb8e33a}\USERS\ADMINISTRATOR\APPDATA\LOCAL\TEMP\JDS913106843.TMP\JRE-8U381-WINDOWS-AU.EXE
2024-05-23 21:45:07,\VOLUME{01d910b5b8a367ec-6eb8e33a}\USERS\ADMINISTRATOR\DOWNLOADS\MEDIACREATIONTOOL22H2.EXE
2024-05-23 21:39:03,\VOLUME{01d910b5b8a367ec-6eb8e33a}\USERS\ADMINISTRATOR\DOWNLOADS\MEDIACREATIONTOOL22H2.EXE
2024-01-08 12:26:15,\VOLUME{01d910b5b8a367ec-6eb8e33a}\USERS\ADMINISTRATOR\DOWNLOADS\MEDIACREATIONTOOL22H2.EXE
2023-07-25 16:27:49,\VOLUME{01d910b5b8a367ec-6eb8e33a}\PROGRAM FILES\WINDOWSAPPS\MICROSOFT.WINDOWS.PHOTOS_2023.10030.27002.0_X64__8WEKYB3D8BBWE\MICROSOFT.PHOTOS.EXE
2024-11-20 18:01:08,\VOLUME{01d910b5b8a367ec-6eb8e33a}\USERS\ADMINISTRATOR\APPDATA\LOCAL\MICROSOFT\ONEDRIVE\24.216.1027.0003\MICROSOFT.SHAREPOINT.EXE
2024-11-20 19:46:07,\VOLUME{01d910b5b8a367ec-6eb8e33a}\PROGRAM FILES (X86)\MICROSOFT\EDGEUPDATE\MICROSOFTEDGEUPDATE.EXE
2024-11-20 19:16:07,\VOLUME{01d910b5b8a367ec-6eb8e33a}\PROGRAM FILES (X86)\MICROSOFT\EDGEUPDATE\MICROSOFTEDGEUPDATE.EXE
2024-11-20 19:16:07,\VOLUME{01d910b5b8a367ec-6eb8e33a}\PROGRAM FILES (X86)\MICROSOFT\EDGEUPDATE\MICROSOFTEDGEUPDATE.EXE
2024-11-20 18:16:22,\VOLUME{01d910b5b8a367ec-6eb8e33a}\PROGRAM FILES (X86)\MICROSOFT\EDGEUPDATE\MICROSOFTEDGEUPDATE.EXE
2024-11-20 18:16:22,\VOLUME{01d910b5b8a367ec-6eb8e33a}\PROGRAM FILES (X86)\MICROSOFT\EDGEUPDATE\MICROSOFTEDGEUPDATE.EXE
2024-11-20 18:16:07,\VOLUME{01d910b5b8a367ec-6eb8e33a}\PROGRAM FILES (X86)\MICROSOFT\EDGEUPDATE\MICROSOFTEDGEUPDATE.EXE
2024-11-20 18:01:21,\VOLUME{01d910b5b8a367ec-6eb8e33a}\PROGRAM FILES (X86)\MICROSOFT\EDGEUPDATE\MICROSOFTEDGEUPDATE.EXE
2024-11-20 18:01:21,\VOLUME{01d910b5b8a367ec-6eb8e33a}\PROGRAM FILES (X86)\MICROSOFT\EDGEUPDATE\MICROSOFTEDGEUPDATE.EXE
2024-11-16 21:15:39,\VOLUME{01d910b5b8a367ec-6eb8e33a}\WINDOWS\SYSTEM32\MMC.EXE
2024-04-15 08:36:24,\VOLUME{01d910b5b8a367ec-6eb8e33a}\WINDOWS\SYSTEM32\MMC.EXE
2023-05-28 05:49:47,\VOLUME{01d910b5b8a367ec-6eb8e33a}\WINDOWS\SYSTEM32\MMC.EXE
2024-11-20 20:04:18,\VOLUME{01d910b5b8a367ec-6eb8e33a}\WINDOWS\SYSTEM32\MOUSOCOREWORKER.EXE
2024-11-20 18:37:01,\VOLUME{01d910b5b8a367ec-6eb8e33a}\WINDOWS\SYSTEM32\MOUSOCOREWORKER.EXE
2024-11-20 18:07:17,\VOLUME{01d910b5b8a367ec-6eb8e33a}\WINDOWS\SYSTEM32\MOUSOCOREWORKER.EXE
2024-11-20 18:05:06,\VOLUME{01d910b5b8a367ec-6eb8e33a}\WINDOWS\SYSTEM32\MOUSOCOREWORKER.EXE
2024-11-20 18:01:22,\VOLUME{01d910b5b8a367ec-6eb8e33a}\WINDOWS\SYSTEM32\MOUSOCOREWORKER.EXE
2024-11-20 18:09:31,\VOLUME{01d910b5b8a367ec-6eb8e33a}\PROGRAMDATA\MICROSOFT\WINDOWS DEFENDER\PLATFORM\4.18.24090.11-0\MPCMDRUN.EXE
2024-11-20 18:09:31,\VOLUME{01d910b5b8a367ec-6eb8e33a}\PROGRAMDATA\MICROSOFT\WINDOWS DEFENDER\PLATFORM\4.18.24090.11-0\MPCMDRUN.EXE
2024-11-20 18:02:24,\VOLUME{01d910b5b8a367ec-6eb8e33a}\WINDOWS\SYSTEM32\MPSIGSTUB.EXE
2024-11-20 18:59:42,\VOLUME{01d910b5b8a367ec-6eb8e33a}\PROGRAM FILES (X86)\MICROSOFT\EDGE\APPLICATION\MSEDGE.EXE
2024-11-19 19:48:28,\VOLUME{01d910b5b8a367ec-6eb8e33a}\PROGRAM FILES (X86)\MICROSOFT\EDGE\APPLICATION\MSEDGE.EXE
2024-11-19 19:48:05,\VOLUME{01d910b5b8a367ec-6eb8e33a}\PROGRAM FILES (X86)\MICROSOFT\EDGE\APPLICATION\MSEDGE.EXE
2024-11-19 19:24:36,\VOLUME{01d910b5b8a367ec-6eb8e33a}\PROGRAM FILES (X86)\MICROSOFT\EDGE\APPLICATION\MSEDGE.EXE
2024-11-19 18:24:35,\VOLUME{01d910b5b8a367ec-6eb8e33a}\PROGRAM FILES (X86)\MICROSOFT\EDGE\APPLICATION\MSEDGE.EXE
2024-11-18 19:09:09,\VOLUME{01d910b5b8a367ec-6eb8e33a}\PROGRAM FILES (X86)\MICROSOFT\EDGE\APPLICATION\MSEDGE.EXE
2024-11-17 18:35:39,\VOLUME{01d910b5b8a367ec-6eb8e33a}\PROGRAM FILES (X86)\MICROSOFT\EDGE\APPLICATION\MSEDGE.EXE
2024-11-15 22:44:00,\VOLUME{01d910b5b8a367ec-6eb8e33a}\PROGRAM FILES (X86)\MICROSOFT\EDGE\APPLICATION\MSEDGE.EXE
2024-11-20 18:59:42,\VOLUME{01d910b5b8a367ec-6eb8e33a}\PROGRAM FILES (X86)\MICROSOFT\EDGE\APPLICATION\MSEDGE.EXE
2024-11-20 18:59:42,\VOLUME{01d910b5b8a367ec-6eb8e33a}\PROGRAM FILES (X86)\MICROSOFT\EDGE\APPLICATION\MSEDGE.EXE
2024-11-20 18:59:42,\VOLUME{01d910b5b8a367ec-6eb8e33a}\PROGRAM FILES (X86)\MICROSOFT\EDGE\APPLICATION\MSEDGE.EXE
2024-11-20 19:09:43,\VOLUME{01d910b5b8a367ec-6eb8e33a}\PROGRAM FILES (X86)\MICROSOFT\EDGE\APPLICATION\MSEDGE.EXE
2024-11-20 18:59:42,\VOLUME{01d910b5b8a367ec-6eb8e33a}\PROGRAM FILES (X86)\MICROSOFT\EDGE\APPLICATION\MSEDGE.EXE
2024-11-20 18:09:43,\VOLUME{01d910b5b8a367ec-6eb8e33a}\PROGRAM FILES (X86)\MICROSOFT\EDGE\APPLICATION\MSEDGE.EXE
2024-11-20 18:04:42,\VOLUME{01d910b5b8a367ec-6eb8e33a}\PROGRAM FILES (X86)\MICROSOFT\EDGE\APPLICATION\MSEDGE.EXE
2024-11-20 18:02:42,\VOLUME{01d910b5b8a367ec-6eb8e33a}\PROGRAM FILES (X86)\MICROSOFT\EDGE\APPLICATION\MSEDGE.EXE
2024-11-20 18:02:39,\VOLUME{01d910b5b8a367ec-6eb8e33a}\PROGRAM FILES (X86)\MICROSOFT\EDGE\APPLICATION\MSEDGE.EXE
2024-11-20 18:02:35,\VOLUME{01d910b5b8a367ec-6eb8e33a}\PROGRAM FILES (X86)\MICROSOFT\EDGE\APPLICATION\MSEDGE.EXE
2024-11-20 18:02:30,\VOLUME{01d910b5b8a367ec-6eb8e33a}\PROGRAM FILES (X86)\MICROSOFT\EDGE\APPLICATION\MSEDGE.EXE
2024-10-07 19:23:55,\VOLUME{01d910b5b8a367ec-6eb8e33a}\PROGRAM FILES (X86)\MICROSOFT\EDGECORE\129.0.2792.79\MSEDGEWEBVIEW2.EXE
2024-10-28 17:33:57,\VOLUME{01d910b5b8a367ec-6eb8e33a}\PROGRAM FILES (X86)\MICROSOFT\EDGEWEBVIEW\APPLICATION\129.0.2792.89\MSEDGEWEBVIEW2.EXE
2024-10-26 18:34:10,\VOLUME{01d910b5b8a367ec-6eb8e33a}\PROGRAM FILES (X86)\MICROSOFT\EDGEWEBVIEW\APPLICATION\129.0.2792.89\MSEDGEWEBVIEW2.EXE
2024-10-26 18:34:11,\VOLUME{01d910b5b8a367ec-6eb8e33a}\PROGRAM FILES (X86)\MICROSOFT\EDGEWEBVIEW\APPLICATION\129.0.2792.89\MSEDGEWEBVIEW2.EXE
2024-10-25 05:51:36,\VOLUME{01d910b5b8a367ec-6eb8e33a}\PROGRAM FILES (X86)\MICROSOFT\EDGEWEBVIEW\APPLICATION\129.0.2792.89\MSEDGEWEBVIEW2.EXE
2024-10-27 18:15:51,\VOLUME{01d910b5b8a367ec-6eb8e33a}\PROGRAM FILES (X86)\MICROSOFT\EDGEWEBVIEW\APPLICATION\129.0.2792.89\MSEDGEWEBVIEW2.EXE
2024-10-29 19:08:48,\VOLUME{01d910b5b8a367ec-6eb8e33a}\PROGRAM FILES (X86)\MICROSOFT\EDGEWEBVIEW\APPLICATION\129.0.2792.89\MSEDGEWEBVIEW2.EXE
2024-10-28 17:39:42,\VOLUME{01d910b5b8a367ec-6eb8e33a}\PROGRAM FILES (X86)\MICROSOFT\EDGEWEBVIEW\APPLICATION\129.0.2792.89\MSEDGEWEBVIEW2.EXE
2024-10-26 18:36:18,\VOLUME{01d910b5b8a367ec-6eb8e33a}\PROGRAM FILES (X86)\MICROSOFT\EDGEWEBVIEW\APPLICATION\129.0.2792.89\MSEDGEWEBVIEW2.EXE
2024-10-26 18:34:11,\VOLUME{01d910b5b8a367ec-6eb8e33a}\PROGRAM FILES (X86)\MICROSOFT\EDGEWEBVIEW\APPLICATION\129.0.2792.89\MSEDGEWEBVIEW2.EXE
2024-10-25 19:36:54,\VOLUME{01d910b5b8a367ec-6eb8e33a}\PROGRAM FILES (X86)\MICROSOFT\EDGEWEBVIEW\APPLICATION\129.0.2792.89\MSEDGEWEBVIEW2.EXE
2024-10-25 05:55:13,\VOLUME{01d910b5b8a367ec-6eb8e33a}\PROGRAM FILES (X86)\MICROSOFT\EDGEWEBVIEW\APPLICATION\129.0.2792.89\MSEDGEWEBVIEW2.EXE
2024-10-24 19:31:28,\VOLUME{01d910b5b8a367ec-6eb8e33a}\PROGRAM FILES (X86)\MICROSOFT\EDGEWEBVIEW\APPLICATION\129.0.2792.89\MSEDGEWEBVIEW2.EXE
2024-11-20 18:00:25,\VOLUME{01d910b5b8a367ec-6eb8e33a}\PROGRAM FILES (X86)\MICROSOFT\EDGEWEBVIEW\APPLICATION\130.0.2849.80\MSEDGEWEBVIEW2.EXE
2024-11-20 18:00:25,\VOLUME{01d910b5b8a367ec-6eb8e33a}\PROGRAM FILES (X86)\MICROSOFT\EDGEWEBVIEW\APPLICATION\130.0.2849.80\MSEDGEWEBVIEW2.EXE
2024-11-20 18:00:25,\VOLUME{01d910b5b8a367ec-6eb8e33a}\PROGRAM FILES (X86)\MICROSOFT\EDGEWEBVIEW\APPLICATION\130.0.2849.80\MSEDGEWEBVIEW2.EXE
2024-11-20 18:00:25,\VOLUME{01d910b5b8a367ec-6eb8e33a}\PROGRAM FILES (X86)\MICROSOFT\EDGEWEBVIEW\APPLICATION\130.0.2849.80\MSEDGEWEBVIEW2.EXE
2024-11-20 18:19:41,\VOLUME{01d910b5b8a367ec-6eb8e33a}\PROGRAM FILES (X86)\MICROSOFT\EDGEWEBVIEW\APPLICATION\130.0.2849.80\MSEDGEWEBVIEW2.EXE
2024-11-20 18:00:25,\VOLUME{01d910b5b8a367ec-6eb8e33a}\PROGRAM FILES (X86)\MICROSOFT\EDGEWEBVIEW\APPLICATION\130.0.2849.80\MSEDGEWEBVIEW2.EXE
2024-11-08 06:50:32,\VOLUME{01d910b5b8a367ec-6eb8e33a}\WINDOWS\SYSTEM32\MSTSC.EXE
2024-10-15 16:43:59,\VOLUME{01d910b5b8a367ec-6eb8e33a}\WINDOWS\SYSTEM32\MSTSC.EXE
2024-10-13 18:39:00,\VOLUME{01d910b5b8a367ec-6eb8e33a}\WINDOWS\SYSTEM32\MSTSC.EXE
2024-10-08 18:58:57,\VOLUME{01d910b5b8a367ec-6eb8e33a}\WINDOWS\SYSTEM32\MSTSC.EXE
2024-10-07 18:43:14,\VOLUME{01d910b5b8a367ec-6eb8e33a}\WINDOWS\SYSTEM32\MSTSC.EXE
2024-10-05 07:20:52,\VOLUME{01d910b5b8a367ec-6eb8e33a}\WINDOWS\SYSTEM32\MSTSC.EXE
2024-10-01 18:27:26,\VOLUME{01d910b5b8a367ec-6eb8e33a}\WINDOWS\SYSTEM32\MSTSC.EXE
2024-08-01 20:58:11,\VOLUME{01d910b5b8a367ec-6eb8e33a}\WINDOWS\SYSTEM32\MSTSC.EXE
2024-11-20 20:06:04,\VOLUME{01d910b5b8a367ec-6eb8e33a}\PROGRAM FILES\NOTEPAD++\NOTEPAD++.EXE
2024-11-20 18:10:00,\VOLUME{01d910b5b8a367ec-6eb8e33a}\PROGRAM FILES\NOTEPAD++\NOTEPAD++.EXE
2024-11-18 19:48:22,\VOLUME{01d910b5b8a367ec-6eb8e33a}\PROGRAM FILES\NOTEPAD++\NOTEPAD++.EXE
2024-11-17 17:41:18,\VOLUME{01d910b5b8a367ec-6eb8e33a}\PROGRAM FILES\NOTEPAD++\NOTEPAD++.EXE
2024-11-16 19:29:18,\VOLUME{01d910b5b8a367ec-6eb8e33a}\PROGRAM FILES\NOTEPAD++\NOTEPAD++.EXE
2024-11-16 19:19:33,\VOLUME{01d910b5b8a367ec-6eb8e33a}\PROGRAM FILES\NOTEPAD++\NOTEPAD++.EXE
2024-11-15 21:13:40,\VOLUME{01d910b5b8a367ec-6eb8e33a}\PROGRAM FILES\NOTEPAD++\NOTEPAD++.EXE
2024-11-15 16:48:45,\VOLUME{01d910b5b8a367ec-6eb8e33a}\PROGRAM FILES\NOTEPAD++\NOTEPAD++.EXE
2024-11-20 19:56:34,\VOLUME{01d910b5b8a367ec-6eb8e33a}\WINDOWS\SYSTEM32\NOTEPAD.EXE
2024-11-20 18:50:45,\VOLUME{01d910b5b8a367ec-6eb8e33a}\WINDOWS\SYSTEM32\NOTEPAD.EXE
2024-11-19 18:46:06,\VOLUME{01d910b5b8a367ec-6eb8e33a}\WINDOWS\SYSTEM32\NOTEPAD.EXE
2024-11-18 19:42:24,\VOLUME{01d910b5b8a367ec-6eb8e33a}\WINDOWS\SYSTEM32\NOTEPAD.EXE
2024-11-18 18:35:36,\VOLUME{01d910b5b8a367ec-6eb8e33a}\WINDOWS\SYSTEM32\NOTEPAD.EXE
2024-11-18 18:25:24,\VOLUME{01d910b5b8a367ec-6eb8e33a}\WINDOWS\SYSTEM32\NOTEPAD.EXE
2024-11-17 18:46:13,\VOLUME{01d910b5b8a367ec-6eb8e33a}\WINDOWS\SYSTEM32\NOTEPAD.EXE
2024-11-17 17:36:48,\VOLUME{01d910b5b8a367ec-6eb8e33a}\WINDOWS\SYSTEM32\NOTEPAD.EXE
2024-10-01 18:32:49,\VOLUME{01d910b5b8a367ec-6eb8e33a}\PROGRAM FILES\WIRESHARK\NPCAP-1.79.EXE
2024-10-01 18:33:12,\VOLUME{01d910b5b8a367ec-6eb8e33a}\PROGRAM FILES\NPCAP\NPFINSTALL.EXE
2024-10-01 18:33:12,\VOLUME{01d910b5b8a367ec-6eb8e33a}\PROGRAM FILES\NPCAP\NPFINSTALL.EXE
2024-10-01 18:33:12,\VOLUME{01d910b5b8a367ec-6eb8e33a}\PROGRAM FILES\NPCAP\NPFINSTALL.EXE
2024-06-09 21:05:36,\VOLUME{01d910b5b8a367ec-6eb8e33a}\USERS\ADMINISTRATOR\DOWNLOADS\NPP.8.6.7.INSTALLER.X64.EXE
2024-10-05 07:40:35,\VOLUME{01d910b5b8a367ec-6eb8e33a}\USERS\ADMINISTRATOR\APPDATA\LOCAL\TEMP\NPP.8.7.INSTALLER.X64.EXE
2024-11-20 18:01:05,\VOLUME{01d910b5b8a367ec-6eb8e33a}\USERS\ADMINISTRATOR\APPDATA\LOCAL\MICROSOFT\ONEDRIVE\ONEDRIVE.EXE
2024-11-19 18:24:30,\VOLUME{01d910b5b8a367ec-6eb8e33a}\USERS\ADMINISTRATOR\APPDATA\LOCAL\MICROSOFT\ONEDRIVE\ONEDRIVE.EXE
2024-11-18 18:09:01,\VOLUME{01d910b5b8a367ec-6eb8e33a}\USERS\ADMINISTRATOR\APPDATA\LOCAL\MICROSOFT\ONEDRIVE\ONEDRIVE.EXE
2024-11-15 20:51:10,\VOLUME{01d910b5b8a367ec-6eb8e33a}\USERS\ADMINISTRATOR\APPDATA\LOCAL\MICROSOFT\ONEDRIVE\ONEDRIVE.EXE
2024-11-15 16:47:13,\VOLUME{01d910b5b8a367ec-6eb8e33a}\USERS\ADMINISTRATOR\APPDATA\LOCAL\MICROSOFT\ONEDRIVE\ONEDRIVE.EXE
2024-11-15 05:46:37,\VOLUME{01d910b5b8a367ec-6eb8e33a}\USERS\ADMINISTRATOR\APPDATA\LOCAL\MICROSOFT\ONEDRIVE\ONEDRIVE.EXE
2024-11-13 17:57:29,\VOLUME{01d910b5b8a367ec-6eb8e33a}\USERS\ADMINISTRATOR\APPDATA\LOCAL\MICROSOFT\ONEDRIVE\ONEDRIVE.EXE
2024-11-12 17:12:22,\VOLUME{01d910b5b8a367ec-6eb8e33a}\USERS\ADMINISTRATOR\APPDATA\LOCAL\MICROSOFT\ONEDRIVE\ONEDRIVE.EXE
2024-11-20 18:00:48,\VOLUME{01d910b5b8a367ec-6eb8e33a}\USERS\ADMINISTRATOR\APPDATA\LOCAL\MICROSOFT\ONEDRIVE\UPDATE\ONEDRIVESETUP.EXE
2024-11-20 18:00:42,\VOLUME{01d910b5b8a367ec-6eb8e33a}\USERS\ADMINISTRATOR\APPDATA\LOCAL\MICROSOFT\ONEDRIVE\UPDATE\ONEDRIVESETUP.EXE
2022-12-15 19:02:59,\VOLUME{01d910b5b8a367ec-6eb8e33a}\WINDOWS\SYSTEMAPPS\MICROSOFT.WINDOWS.OOBENETWORKCONNECTIONFLOW_CW5N1H2TXYEWY\OOBENETWORKCONNECTIONFLOW.EXE
2024-01-08 17:08:00,Op-MSEDGE.EXE-37D25F9A
2024-01-08 13:41:21,Op-MSEDGE.EXE-37D25F9A
2024-01-08 12:23:18,Op-MSEDGE.EXE-37D25F9A
2024-01-08 12:06:35,Op-MSEDGE.EXE-37D25F9A
2024-01-08 07:15:32,Op-MSEDGE.EXE-37D25F9A
2023-10-05 23:38:02,Op-MSEDGE.EXE-37D25F9A
2023-10-05 23:31:25,Op-MSEDGE.EXE-37D25F9A
2023-10-05 22:37:51,Op-MSEDGE.EXE-37D25F9A
2024-11-15 22:44:50,\VOLUME{01d910b5b8a367ec-6eb8e33a}\WINDOWS\SYSTEM32\OPENWITH.EXE
2024-11-08 21:45:41,\VOLUME{01d910b5b8a367ec-6eb8e33a}\WINDOWS\SYSTEM32\OPENWITH.EXE
2024-11-08 21:40:07,\VOLUME{01d910b5b8a367ec-6eb8e33a}\WINDOWS\SYSTEM32\OPENWITH.EXE
2024-11-08 21:27:41,\VOLUME{01d910b5b8a367ec-6eb8e33a}\WINDOWS\SYSTEM32\OPENWITH.EXE
2024-11-08 21:15:22,\VOLUME{01d910b5b8a367ec-6eb8e33a}\WINDOWS\SYSTEM32\OPENWITH.EXE
2024-11-08 20:56:21,\VOLUME{01d910b5b8a367ec-6eb8e33a}\WINDOWS\SYSTEM32\OPENWITH.EXE
2024-11-04 18:26:27,\VOLUME{01d910b5b8a367ec-6eb8e33a}\WINDOWS\SYSTEM32\OPENWITH.EXE
2024-11-02 18:34:37,\VOLUME{01d910b5b8a367ec-6eb8e33a}\WINDOWS\SYSTEM32\OPENWITH.EXE
2024-11-18 18:16:18,\VOLUME{01d910b5b8a367ec-6eb8e33a}\PROGRAM FILES\WINDOWSAPPS\MICROSOFT.WINDOWS.PHOTOS_2024.11100.16009.0_X64__8WEKYB3D8BBWE\PHOTOS.EXE
2024-11-18 18:16:17,\VOLUME{01d910b5b8a367ec-6eb8e33a}\PROGRAM FILES\WINDOWSAPPS\MICROSOFT.WINDOWS.PHOTOS_2024.11100.16009.0_X64__8WEKYB3D8BBWE\PHOTOS.EXE
2024-11-18 18:16:05,\VOLUME{01d910b5b8a367ec-6eb8e33a}\PROGRAM FILES\WINDOWSAPPS\MICROSOFT.WINDOWS.PHOTOS_2024.11100.16009.0_X64__8WEKYB3D8BBWE\PHOTOS.EXE
2024-11-18 18:16:04,\VOLUME{01d910b5b8a367ec-6eb8e33a}\PROGRAM FILES\WINDOWSAPPS\MICROSOFT.WINDOWS.PHOTOS_2024.11100.16009.0_X64__8WEKYB3D8BBWE\PHOTOS.EXE
2024-10-25 20:10:13,\VOLUME{01d910b5b8a367ec-6eb8e33a}\PROGRAM FILES\WINDOWSAPPS\MICROSOFT.WINDOWS.PHOTOS_2024.11100.16009.0_X64__8WEKYB3D8BBWE\PHOTOS.EXE
2024-10-25 20:10:12,\VOLUME{01d910b5b8a367ec-6eb8e33a}\PROGRAM FILES\WINDOWSAPPS\MICROSOFT.WINDOWS.PHOTOS_2024.11100.16009.0_X64__8WEKYB3D8BBWE\PHOTOS.EXE
2024-10-25 20:09:27,\VOLUME{01d910b5b8a367ec-6eb8e33a}\PROGRAM FILES\WINDOWSAPPS\MICROSOFT.WINDOWS.PHOTOS_2024.11100.16009.0_X64__8WEKYB3D8BBWE\PHOTOS.EXE
2024-11-20 18:19:09,\VOLUME{01d910b5b8a367ec-6eb8e33a}\WINDOWS\SYSTEM32\WINDOWSPOWERSHELL\V1.0\POWERSHELL.EXE
2024-11-20 18:51:10,\VOLUME{01d910b5b8a367ec-6eb8e33a}\WINDOWS\SYSTEM32\PREVHOST.EXE
2024-11-17 19:23:05,\VOLUME{01d910b5b8a367ec-6eb8e33a}\USERS\ADMINISTRATOR\DESKTOP\PROCESSHACKER\X64\PROCESSHACKER.EXE
2024-11-17 18:44:05,\VOLUME{01d910b5b8a367ec-6eb8e33a}\USERS\ADMINISTRATOR\DESKTOP\PROCESSHACKER\X64\PROCESSHACKER.EXE
2024-11-16 20:09:52,\VOLUME{01d910b5b8a367ec-6eb8e33a}\USERS\ADMINISTRATOR\DESKTOP\PROCESSHACKER\X64\PROCESSHACKER.EXE
2024-11-15 22:27:58,\VOLUME{01d910b5b8a367ec-6eb8e33a}\USERS\ADMINISTRATOR\APPDATA\LOCAL\TEMP\PROCEXP64.EXE
2024-11-13 18:27:09,\VOLUME{01d910b5b8a367ec-6eb8e33a}\USERS\ADMINISTRATOR\APPDATA\LOCAL\TEMP\PROCEXP64.EXE
2024-11-16 20:52:09,\VOLUME{01d910b5b8a367ec-6eb8e33a}\USERS\ADMINISTRATOR\DESKTOP\SYSINTERNALSSUITE\PROCEXP64.EXE
2024-11-08 20:11:46,\VOLUME{01d910b5b8a367ec-6eb8e33a}\USERS\ADMINISTRATOR\DESKTOP\SYSINTERNALSSUITE\PROCMON.EXE
2024-11-08 19:51:47,\VOLUME{01d910b5b8a367ec-6eb8e33a}\USERS\ADMINISTRATOR\DESKTOP\SYSINTERNALSSUITE\PROCMON.EXE
2024-11-16 19:41:05,\VOLUME{01d910b5b8a367ec-6eb8e33a}\USERS\ADMINISTRATOR\APPDATA\LOCAL\TEMP\PROCMON64.EXE
2024-11-15 21:20:03,\VOLUME{01d910b5b8a367ec-6eb8e33a}\USERS\ADMINISTRATOR\APPDATA\LOCAL\TEMP\PROCMON64.EXE
2024-11-15 20:52:14,\VOLUME{01d910b5b8a367ec-6eb8e33a}\USERS\ADMINISTRATOR\APPDATA\LOCAL\TEMP\PROCMON64.EXE
2024-11-15 19:16:30,\VOLUME{01d910b5b8a367ec-6eb8e33a}\USERS\ADMINISTRATOR\APPDATA\LOCAL\TEMP\PROCMON64.EXE
2024-11-15 18:50:37,\VOLUME{01d910b5b8a367ec-6eb8e33a}\USERS\ADMINISTRATOR\APPDATA\LOCAL\TEMP\PROCMON64.EXE
2024-11-15 18:25:21,\VOLUME{01d910b5b8a367ec-6eb8e33a}\USERS\ADMINISTRATOR\APPDATA\LOCAL\TEMP\PROCMON64.EXE
2024-11-15 18:20:20,\VOLUME{01d910b5b8a367ec-6eb8e33a}\USERS\ADMINISTRATOR\APPDATA\LOCAL\TEMP\PROCMON64.EXE
2024-11-15 07:04:59,\VOLUME{01d910b5b8a367ec-6eb8e33a}\USERS\ADMINISTRATOR\APPDATA\LOCAL\TEMP\PROCMON64.EXE
2024-11-08 21:36:18,\VOLUME{01d910b5b8a367ec-6eb8e33a}\WINDOWS\REGEDIT.EXE
2024-11-08 21:30:56,\VOLUME{01d910b5b8a367ec-6eb8e33a}\WINDOWS\REGEDIT.EXE
2024-05-24 21:07:58,\VOLUME{01d910b5b8a367ec-6eb8e33a}\WINDOWS\REGEDIT.EXE
2024-05-23 20:33:25,\VOLUME{01d910b5b8a367ec-6eb8e33a}\WINDOWS\REGEDIT.EXE
2023-07-24 14:08:07,\VOLUME{01d910b5b8a367ec-6eb8e33a}\WINDOWS\REGEDIT.EXE
2023-07-23 16:07:23,\VOLUME{01d910b5b8a367ec-6eb8e33a}\WINDOWS\REGEDIT.EXE
2022-12-15 23:31:16,\VOLUME{01d910b5b8a367ec-6eb8e33a}\WINDOWS\REGEDIT.EXE
2024-11-20 19:06:32,\VOLUME{01d910b5b8a367ec-6eb8e33a}\USERS\ADMINISTRATOR\APPDATA\LOCAL\PROGRAMS\MICROSOFT VS CODE\RESOURCES\APP\NODE_MODULES.ASAR.UNPACKED\@VSCODE\RIPGREP\BIN\RG.EXE
2024-11-20 17:59:35,\VOLUME{01d910b5b8a367ec-6eb8e33a}\PROGRAM FILES\REALTEK\AUDIO\HDA\RTKNGUI64.EXE
2024-11-20 18:37:02,\VOLUME{01d910b5b8a367ec-6eb8e33a}\WINDOWS\SYSTEM32\RUNDLL32.EXE
2024-11-20 17:59:44,\VOLUME{01d910b5b8a367ec-6eb8e33a}\WINDOWS\SYSWOW64\RUNONCE.EXE
2024-11-20 18:38:52,\VOLUME{01d910b5b8a367ec-6eb8e33a}\WINDOWS\SYSTEM32\RUNTIMEBROKER.EXE
2024-11-20 18:29:21,\VOLUME{01d910b5b8a367ec-6eb8e33a}\WINDOWS\SYSTEM32\RUNTIMEBROKER.EXE
2024-11-20 18:01:18,\VOLUME{01d910b5b8a367ec-6eb8e33a}\WINDOWS\SYSTEM32\RUNTIMEBROKER.EXE
2024-11-20 18:59:16,\VOLUME{01d910b5b8a367ec-6eb8e33a}\WINDOWS\SYSTEM32\RUNTIMEBROKER.EXE
2024-11-20 18:00:27,\VOLUME{01d910b5b8a367ec-6eb8e33a}\WINDOWS\SYSTEM32\RUNTIMEBROKER.EXE
2024-11-20 17:59:28,\VOLUME{01d910b5b8a367ec-6eb8e33a}\WINDOWS\SYSTEM32\RUNTIMEBROKER.EXE
2024-11-20 19:14:16,\VOLUME{01d910b5b8a367ec-6eb8e33a}\WINDOWS\SYSTEM32\RUNTIMEBROKER.EXE
2024-11-20 18:40:03,\VOLUME{01d910b5b8a367ec-6eb8e33a}\WINDOWS\SYSTEM32\RUNTIMEBROKER.EXE
2024-11-20 18:29:21,\VOLUME{01d910b5b8a367ec-6eb8e33a}\WINDOWS\SYSTEM32\RUNTIMEBROKER.EXE
2024-11-20 19:14:16,\VOLUME{01d910b5b8a367ec-6eb8e33a}\WINDOWS\SYSTEM32\RUNTIMEBROKER.EXE
2024-11-20 19:02:00,\VOLUME{01d910b5b8a367ec-6eb8e33a}\WINDOWS\SYSTEM32\RUNTIMEBROKER.EXE
2024-11-20 18:59:42,\VOLUME{01d910b5b8a367ec-6eb8e33a}\WINDOWS\SYSTEM32\RUNTIMEBROKER.EXE
2024-11-20 18:40:07,\VOLUME{01d910b5b8a367ec-6eb8e33a}\WINDOWS\SYSTEM32\RUNTIMEBROKER.EXE
2024-11-20 18:38:52,\VOLUME{01d910b5b8a367ec-6eb8e33a}\WINDOWS\SYSTEM32\RUNTIMEBROKER.EXE
2024-11-20 18:29:21,\VOLUME{01d910b5b8a367ec-6eb8e33a}\WINDOWS\SYSTEM32\RUNTIMEBROKER.EXE
2024-10-01 17:51:11,\VOLUME{01d910b5b8a367ec-6eb8e33a}\WINDOWS\SYSTEMAPPS\MICROSOFT.WINDOWS.SEARCH_CW5N1H2TXYEWY\SEARCHAPP.EXE
2024-07-20 07:13:34,\VOLUME{01d910b5b8a367ec-6eb8e33a}\WINDOWS\SYSTEMAPPS\MICROSOFT.WINDOWS.SEARCH_CW5N1H2TXYEWY\SEARCHAPP.EXE
2024-06-13 20:24:27,\VOLUME{01d910b5b8a367ec-6eb8e33a}\WINDOWS\SYSTEMAPPS\MICROSOFT.WINDOWS.SEARCH_CW5N1H2TXYEWY\SEARCHAPP.EXE
2024-05-31 14:00:08,\VOLUME{01d910b5b8a367ec-6eb8e33a}\WINDOWS\SYSTEMAPPS\MICROSOFT.WINDOWS.SEARCH_CW5N1H2TXYEWY\SEARCHAPP.EXE
2024-11-15 20:50:56,\VOLUME{01d910b5b8a367ec-6eb8e33a}\WINDOWS\SYSTEMAPPS\MICROSOFT.WINDOWS.SEARCH_CW5N1H2TXYEWY\SEARCHAPP.EXE
2024-11-15 07:55:36,\VOLUME{01d910b5b8a367ec-6eb8e33a}\WINDOWS\SYSTEMAPPS\MICROSOFT.WINDOWS.SEARCH_CW5N1H2TXYEWY\SEARCHAPP.EXE
2024-11-15 07:52:56,\VOLUME{01d910b5b8a367ec-6eb8e33a}\WINDOWS\SYSTEMAPPS\MICROSOFT.WINDOWS.SEARCH_CW5N1H2TXYEWY\SEARCHAPP.EXE
2024-11-15 07:51:39,\VOLUME{01d910b5b8a367ec-6eb8e33a}\WINDOWS\SYSTEMAPPS\MICROSOFT.WINDOWS.SEARCH_CW5N1H2TXYEWY\SEARCHAPP.EXE
2023-01-25 09:01:44,\VOLUME{01d910b5b8a367ec-6eb8e33a}\WINDOWS\SYSTEMAPPS\MICROSOFT.WINDOWS.SEARCH_CW5N1H2TXYEWY\SEARCHAPP.EXE
2023-01-23 07:06:09,\VOLUME{01d910b5b8a367ec-6eb8e33a}\WINDOWS\SYSTEMAPPS\MICROSOFT.WINDOWS.SEARCH_CW5N1H2TXYEWY\SEARCHAPP.EXE
2022-12-15 22:27:54,\VOLUME{01d910b5b8a367ec-6eb8e33a}\WINDOWS\SYSTEMAPPS\MICROSOFT.WINDOWS.SEARCH_CW5N1H2TXYEWY\SEARCHAPP.EXE
2022-12-15 22:24:21,\VOLUME{01d910b5b8a367ec-6eb8e33a}\WINDOWS\SYSTEMAPPS\MICROSOFT.WINDOWS.SEARCH_CW5N1H2TXYEWY\SEARCHAPP.EXE
2022-12-15 22:22:36,\VOLUME{01d910b5b8a367ec-6eb8e33a}\WINDOWS\SYSTEMAPPS\MICROSOFT.WINDOWS.SEARCH_CW5N1H2TXYEWY\SEARCHAPP.EXE
2022-12-15 20:03:05,\VOLUME{01d910b5b8a367ec-6eb8e33a}\WINDOWS\SYSTEMAPPS\MICROSOFT.WINDOWS.SEARCH_CW5N1H2TXYEWY\SEARCHAPP.EXE
2022-12-15 19:46:40,\VOLUME{01d910b5b8a367ec-6eb8e33a}\WINDOWS\SYSTEMAPPS\MICROSOFT.WINDOWS.SEARCH_CW5N1H2TXYEWY\SEARCHAPP.EXE
2023-02-21 14:44:24,\VOLUME{01d910b5b8a367ec-6eb8e33a}\WINDOWS\SYSTEMAPPS\MICROSOFT.WINDOWS.SEARCH_CW5N1H2TXYEWY\SEARCHAPP.EXE
2024-10-08 18:59:12,\VOLUME{01d910b5b8a367ec-6eb8e33a}\WINDOWS\SYSTEMAPPS\MICROSOFT.WINDOWS.SEARCH_CW5N1H2TXYEWY\SEARCHAPP.EXE
2024-10-07 19:23:54,\VOLUME{01d910b5b8a367ec-6eb8e33a}\WINDOWS\SYSTEMAPPS\MICROSOFT.WINDOWS.SEARCH_CW5N1H2TXYEWY\SEARCHAPP.EXE
2024-07-20 21:19:46,\VOLUME{01d910b5b8a367ec-6eb8e33a}\WINDOWS\SYSTEMAPPS\MICROSOFT.WINDOWS.SEARCH_CW5N1H2TXYEWY\SEARCHAPP.EXE
2024-06-13 20:26:31,\VOLUME{01d910b5b8a367ec-6eb8e33a}\WINDOWS\SYSTEMAPPS\MICROSOFT.WINDOWS.SEARCH_CW5N1H2TXYEWY\SEARCHAPP.EXE
2024-06-09 20:29:34,\VOLUME{01d910b5b8a367ec-6eb8e33a}\WINDOWS\SYSTEMAPPS\MICROSOFT.WINDOWS.SEARCH_CW5N1H2TXYEWY\SEARCHAPP.EXE
2023-05-29 10:56:30,\VOLUME{01d910b5b8a367ec-6eb8e33a}\WINDOWS\SYSTEMAPPS\MICROSOFT.WINDOWS.SEARCH_CW5N1H2TXYEWY\SEARCHAPP.EXE
2024-11-20 18:00:24,\VOLUME{01d910b5b8a367ec-6eb8e33a}\WINDOWS\SYSTEMAPPS\MICROSOFT.WINDOWS.SEARCH_CW5N1H2TXYEWY\SEARCHAPP.EXE
2024-11-19 18:25:18,\VOLUME{01d910b5b8a367ec-6eb8e33a}\WINDOWS\SYSTEMAPPS\MICROSOFT.WINDOWS.SEARCH_CW5N1H2TXYEWY\SEARCHAPP.EXE
2024-11-18 18:09:50,\VOLUME{01d910b5b8a367ec-6eb8e33a}\WINDOWS\SYSTEMAPPS\MICROSOFT.WINDOWS.SEARCH_CW5N1H2TXYEWY\SEARCHAPP.EXE
2024-11-17 17:36:19,\VOLUME{01d910b5b8a367ec-6eb8e33a}\WINDOWS\SYSTEMAPPS\MICROSOFT.WINDOWS.SEARCH_CW5N1H2TXYEWY\SEARCHAPP.EXE
2024-11-16 19:04:27,\VOLUME{01d910b5b8a367ec-6eb8e33a}\WINDOWS\SYSTEMAPPS\MICROSOFT.WINDOWS.SEARCH_CW5N1H2TXYEWY\SEARCHAPP.EXE
2024-11-15 20:51:58,\VOLUME{01d910b5b8a367ec-6eb8e33a}\WINDOWS\SYSTEMAPPS\MICROSOFT.WINDOWS.SEARCH_CW5N1H2TXYEWY\SEARCHAPP.EXE
2024-11-15 07:57:38,\VOLUME{01d910b5b8a367ec-6eb8e33a}\WINDOWS\SYSTEMAPPS\MICROSOFT.WINDOWS.SEARCH_CW5N1H2TXYEWY\SEARCHAPP.EXE
2024-11-15 07:54:58,\VOLUME{01d910b5b8a367ec-6eb8e33a}\WINDOWS\SYSTEMAPPS\MICROSOFT.WINDOWS.SEARCH_CW5N1H2TXYEWY\SEARCHAPP.EXE
2023-01-29 07:06:02,\VOLUME{01d910b5b8a367ec-6eb8e33a}\WINDOWS\SYSTEMAPPS\MICROSOFT.WINDOWS.SEARCH_CW5N1H2TXYEWY\SEARCHAPP.EXE
2023-01-25 05:51:42,\VOLUME{01d910b5b8a367ec-6eb8e33a}\WINDOWS\SYSTEMAPPS\MICROSOFT.WINDOWS.SEARCH_CW5N1H2TXYEWY\SEARCHAPP.EXE
2023-01-24 07:43:36,\VOLUME{01d910b5b8a367ec-6eb8e33a}\WINDOWS\SYSTEMAPPS\MICROSOFT.WINDOWS.SEARCH_CW5N1H2TXYEWY\SEARCHAPP.EXE
2023-01-23 07:04:10,\VOLUME{01d910b5b8a367ec-6eb8e33a}\WINDOWS\SYSTEMAPPS\MICROSOFT.WINDOWS.SEARCH_CW5N1H2TXYEWY\SEARCHAPP.EXE
2022-12-19 00:32:17,\VOLUME{01d910b5b8a367ec-6eb8e33a}\WINDOWS\SYSTEMAPPS\MICROSOFT.WINDOWS.SEARCH_CW5N1H2TXYEWY\SEARCHAPP.EXE
2024-11-20 20:10:51,\VOLUME{01d910b5b8a367ec-6eb8e33a}\WINDOWS\SYSTEM32\SEARCHFILTERHOST.EXE
2024-11-20 20:05:52,\VOLUME{01d910b5b8a367ec-6eb8e33a}\WINDOWS\SYSTEM32\SEARCHFILTERHOST.EXE
2024-11-20 20:01:38,\VOLUME{01d910b5b8a367ec-6eb8e33a}\WINDOWS\SYSTEM32\SEARCHFILTERHOST.EXE
2024-11-20 19:59:24,\VOLUME{01d910b5b8a367ec-6eb8e33a}\WINDOWS\SYSTEM32\SEARCHFILTERHOST.EXE
2024-11-20 19:56:34,\VOLUME{01d910b5b8a367ec-6eb8e33a}\WINDOWS\SYSTEM32\SEARCHFILTERHOST.EXE
2024-11-20 19:52:50,\VOLUME{01d910b5b8a367ec-6eb8e33a}\WINDOWS\SYSTEM32\SEARCHFILTERHOST.EXE
2024-11-20 19:50:01,\VOLUME{01d910b5b8a367ec-6eb8e33a}\WINDOWS\SYSTEM32\SEARCHFILTERHOST.EXE
2024-11-20 19:45:15,\VOLUME{01d910b5b8a367ec-6eb8e33a}\WINDOWS\SYSTEM32\SEARCHFILTERHOST.EXE
2024-11-20 20:10:51,\VOLUME{01d910b5b8a367ec-6eb8e33a}\WINDOWS\SYSTEM32\SEARCHPROTOCOLHOST.EXE
2024-11-20 20:05:52,\VOLUME{01d910b5b8a367ec-6eb8e33a}\WINDOWS\SYSTEM32\SEARCHPROTOCOLHOST.EXE
2024-11-20 20:01:38,\VOLUME{01d910b5b8a367ec-6eb8e33a}\WINDOWS\SYSTEM32\SEARCHPROTOCOLHOST.EXE
2024-11-20 19:59:24,\VOLUME{01d910b5b8a367ec-6eb8e33a}\WINDOWS\SYSTEM32\SEARCHPROTOCOLHOST.EXE
2024-11-20 19:56:34,\VOLUME{01d910b5b8a367ec-6eb8e33a}\WINDOWS\SYSTEM32\SEARCHPROTOCOLHOST.EXE
2024-11-20 19:52:50,\VOLUME{01d910b5b8a367ec-6eb8e33a}\WINDOWS\SYSTEM32\SEARCHPROTOCOLHOST.EXE
2024-11-20 19:50:01,\VOLUME{01d910b5b8a367ec-6eb8e33a}\WINDOWS\SYSTEM32\SEARCHPROTOCOLHOST.EXE
2024-11-20 19:39:30,\VOLUME{01d910b5b8a367ec-6eb8e33a}\WINDOWS\SYSTEM32\SEARCHPROTOCOLHOST.EXE
2024-11-17 17:59:10,\VOLUME{01d910b5b8a367ec-6eb8e33a}\WINDOWS\SYSTEMAPPS\MICROSOFT.WINDOWS.SECHEALTHUI_CW5N1H2TXYEWY\SECHEALTHUI.EXE
2024-11-16 21:15:58,\VOLUME{01d910b5b8a367ec-6eb8e33a}\WINDOWS\SYSTEMAPPS\MICROSOFT.WINDOWS.SECHEALTHUI_CW5N1H2TXYEWY\SECHEALTHUI.EXE
2024-11-16 21:15:04,\VOLUME{01d910b5b8a367ec-6eb8e33a}\WINDOWS\SYSTEMAPPS\MICROSOFT.WINDOWS.SECHEALTHUI_CW5N1H2TXYEWY\SECHEALTHUI.EXE
2024-11-20 17:59:35,\VOLUME{01d910b5b8a367ec-6eb8e33a}\WINDOWS\SYSTEM32\SECURITYHEALTHSERVICE.EXE
2024-11-20 17:59:35,\VOLUME{01d910b5b8a367ec-6eb8e33a}\WINDOWS\SYSTEM32\SECURITYHEALTHSYSTRAY.EXE
2022-12-15 19:25:02,\VOLUME{01d910b5b8a367ec-6eb8e33a}\PROGRAM FILES\COMMON FILES\ADOBE\ACROBAT\SETUP\{AC76BA86-1033-1033-7760-BC15014EA700}\SETUP.EXE
2024-05-23 21:45:08,\VOLUME{01d910b5b8a367ec-6eb8e33a}\$WINDOWS.~WS\SOURCES\SETUPHOST.EXE
2024-05-23 21:39:04,\VOLUME{01d910b5b8a367ec-6eb8e33a}\$WINDOWS.~WS\SOURCES\SETUPHOST.EXE
2024-01-08 12:26:16,\VOLUME{01d910b5b8a367ec-6eb8e33a}\$WINDOWS.~WS\SOURCES\SETUPHOST.EXE
2024-11-20 18:01:21,\VOLUME{01d910b5b8a367ec-6eb8e33a}\WINDOWS\SYSTEM32\SGRMBROKER.EXE
2024-11-19 19:19:37,\VOLUME{01d910b5b8a367ec-6eb8e33a}\WINDOWS\SYSTEMAPPS\SHELLEXPERIENCEHOST_CW5N1H2TXYEWY\SHELLEXPERIENCEHOST.EXE
2024-11-17 18:57:47,\VOLUME{01d910b5b8a367ec-6eb8e33a}\WINDOWS\SYSTEMAPPS\SHELLEXPERIENCEHOST_CW5N1H2TXYEWY\SHELLEXPERIENCEHOST.EXE
2024-11-16 19:53:02,\VOLUME{01d910b5b8a367ec-6eb8e33a}\WINDOWS\SYSTEMAPPS\SHELLEXPERIENCEHOST_CW5N1H2TXYEWY\SHELLEXPERIENCEHOST.EXE
2024-11-15 21:16:40,\VOLUME{01d910b5b8a367ec-6eb8e33a}\WINDOWS\SYSTEMAPPS\SHELLEXPERIENCEHOST_CW5N1H2TXYEWY\SHELLEXPERIENCEHOST.EXE
2024-11-13 19:57:15,\VOLUME{01d910b5b8a367ec-6eb8e33a}\WINDOWS\SYSTEMAPPS\SHELLEXPERIENCEHOST_CW5N1H2TXYEWY\SHELLEXPERIENCEHOST.EXE
2024-11-09 18:03:14,\VOLUME{01d910b5b8a367ec-6eb8e33a}\WINDOWS\SYSTEMAPPS\SHELLEXPERIENCEHOST_CW5N1H2TXYEWY\SHELLEXPERIENCEHOST.EXE
2024-11-09 07:14:55,\VOLUME{01d910b5b8a367ec-6eb8e33a}\WINDOWS\SYSTEMAPPS\SHELLEXPERIENCEHOST_CW5N1H2TXYEWY\SHELLEXPERIENCEHOST.EXE
2024-11-07 20:12:31,\VOLUME{01d910b5b8a367ec-6eb8e33a}\WINDOWS\SYSTEMAPPS\SHELLEXPERIENCEHOST_CW5N1H2TXYEWY\SHELLEXPERIENCEHOST.EXE
2024-11-04 18:05:28,\VOLUME{01d910b5b8a367ec-6eb8e33a}\WINDOWS\SYSTEMAPPS\SHELLEXPERIENCEHOST_CW5N1H2TXYEWY\SHELLEXPERIENCEHOST.EXE
2024-10-29 20:43:14,\VOLUME{01d910b5b8a367ec-6eb8e33a}\WINDOWS\SYSTEMAPPS\SHELLEXPERIENCEHOST_CW5N1H2TXYEWY\SHELLEXPERIENCEHOST.EXE
2024-10-25 19:32:48,\VOLUME{01d910b5b8a367ec-6eb8e33a}\WINDOWS\SYSTEMAPPS\SHELLEXPERIENCEHOST_CW5N1H2TXYEWY\SHELLEXPERIENCEHOST.EXE
2024-10-25 05:52:55,\VOLUME{01d910b5b8a367ec-6eb8e33a}\WINDOWS\SYSTEMAPPS\SHELLEXPERIENCEHOST_CW5N1H2TXYEWY\SHELLEXPERIENCEHOST.EXE
2022-12-15 19:37:09,\VOLUME{01d910b5b8a367ec-6eb8e33a}\WINDOWS\SYSTEMAPPS\SHELLEXPERIENCEHOST_CW5N1H2TXYEWY\SHELLEXPERIENCEHOST.EXE
2022-12-15 19:14:06,\VOLUME{01d910b5b8a367ec-6eb8e33a}\WINDOWS\SYSTEMAPPS\SHELLEXPERIENCEHOST_CW5N1H2TXYEWY\SHELLEXPERIENCEHOST.EXE
2022-12-15 19:04:56,\VOLUME{01d910b5b8a367ec-6eb8e33a}\WINDOWS\SYSTEMAPPS\SHELLEXPERIENCEHOST_CW5N1H2TXYEWY\SHELLEXPERIENCEHOST.EXE
2024-05-23 20:39:11,\VOLUME{01d910b5b8a367ec-6eb8e33a}\WINDOWS\SYSTEMAPPS\SHELLEXPERIENCEHOST_CW5N1H2TXYEWY\SHELLEXPERIENCEHOST.EXE
2024-04-07 19:54:57,\VOLUME{01d910b5b8a367ec-6eb8e33a}\WINDOWS\SYSTEMAPPS\SHELLEXPERIENCEHOST_CW5N1H2TXYEWY\SHELLEXPERIENCEHOST.EXE
2024-04-07 02:50:53,\VOLUME{01d910b5b8a367ec-6eb8e33a}\WINDOWS\SYSTEMAPPS\SHELLEXPERIENCEHOST_CW5N1H2TXYEWY\SHELLEXPERIENCEHOST.EXE
2024-04-04 20:58:44,\VOLUME{01d910b5b8a367ec-6eb8e33a}\WINDOWS\SYSTEMAPPS\SHELLEXPERIENCEHOST_CW5N1H2TXYEWY\SHELLEXPERIENCEHOST.EXE
2024-04-03 23:30:33,\VOLUME{01d910b5b8a367ec-6eb8e33a}\WINDOWS\SYSTEMAPPS\SHELLEXPERIENCEHOST_CW5N1H2TXYEWY\SHELLEXPERIENCEHOST.EXE
2024-10-11 07:03:39,\VOLUME{01d910b5b8a367ec-6eb8e33a}\WINDOWS\SYSTEMAPPS\SHELLEXPERIENCEHOST_CW5N1H2TXYEWY\SHELLEXPERIENCEHOST.EXE
2024-10-08 18:58:49,\VOLUME{01d910b5b8a367ec-6eb8e33a}\WINDOWS\SYSTEMAPPS\SHELLEXPERIENCEHOST_CW5N1H2TXYEWY\SHELLEXPERIENCEHOST.EXE
2024-10-07 18:41:06,\VOLUME{01d910b5b8a367ec-6eb8e33a}\WINDOWS\SYSTEMAPPS\SHELLEXPERIENCEHOST_CW5N1H2TXYEWY\SHELLEXPERIENCEHOST.EXE
2024-10-05 07:20:04,\VOLUME{01d910b5b8a367ec-6eb8e33a}\WINDOWS\SYSTEMAPPS\SHELLEXPERIENCEHOST_CW5N1H2TXYEWY\SHELLEXPERIENCEHOST.EXE
2024-10-01 17:52:37,\VOLUME{01d910b5b8a367ec-6eb8e33a}\WINDOWS\SYSTEMAPPS\SHELLEXPERIENCEHOST_CW5N1H2TXYEWY\SHELLEXPERIENCEHOST.EXE
2024-09-19 09:30:27,\VOLUME{01d910b5b8a367ec-6eb8e33a}\WINDOWS\SYSTEMAPPS\SHELLEXPERIENCEHOST_CW5N1H2TXYEWY\SHELLEXPERIENCEHOST.EXE
2024-08-01 18:48:12,\VOLUME{01d910b5b8a367ec-6eb8e33a}\WINDOWS\SYSTEMAPPS\SHELLEXPERIENCEHOST_CW5N1H2TXYEWY\SHELLEXPERIENCEHOST.EXE
2024-07-20 13:18:16,\VOLUME{01d910b5b8a367ec-6eb8e33a}\WINDOWS\SYSTEMAPPS\SHELLEXPERIENCEHOST_CW5N1H2TXYEWY\SHELLEXPERIENCEHOST.EXE
2024-01-09 07:40:26,\VOLUME{01d910b5b8a367ec-6eb8e33a}\WINDOWS\SYSTEMAPPS\SHELLEXPERIENCEHOST_CW5N1H2TXYEWY\SHELLEXPERIENCEHOST.EXE
2024-01-08 12:17:56,\VOLUME{01d910b5b8a367ec-6eb8e33a}\WINDOWS\SYSTEMAPPS\SHELLEXPERIENCEHOST_CW5N1H2TXYEWY\SHELLEXPERIENCEHOST.EXE
2023-10-04 17:54:13,\VOLUME{01d910b5b8a367ec-6eb8e33a}\WINDOWS\SYSTEMAPPS\SHELLEXPERIENCEHOST_CW5N1H2TXYEWY\SHELLEXPERIENCEHOST.EXE
2023-07-08 21:03:49,\VOLUME{01d910b5b8a367ec-6eb8e33a}\WINDOWS\SYSTEMAPPS\SHELLEXPERIENCEHOST_CW5N1H2TXYEWY\SHELLEXPERIENCEHOST.EXE
2023-05-29 10:56:32,\VOLUME{01d910b5b8a367ec-6eb8e33a}\WINDOWS\SYSTEMAPPS\SHELLEXPERIENCEHOST_CW5N1H2TXYEWY\SHELLEXPERIENCEHOST.EXE
2023-02-25 20:42:18,\VOLUME{01d910b5b8a367ec-6eb8e33a}\WINDOWS\SYSTEMAPPS\SHELLEXPERIENCEHOST_CW5N1H2TXYEWY\SHELLEXPERIENCEHOST.EXE
2022-12-16 22:27:54,\VOLUME{01d910b5b8a367ec-6eb8e33a}\WINDOWS\SYSTEMAPPS\SHELLEXPERIENCEHOST_CW5N1H2TXYEWY\SHELLEXPERIENCEHOST.EXE
2022-12-15 20:23:59,\VOLUME{01d910b5b8a367ec-6eb8e33a}\WINDOWS\SYSTEMAPPS\SHELLEXPERIENCEHOST_CW5N1H2TXYEWY\SHELLEXPERIENCEHOST.EXE
2024-10-29 21:07:57,\VOLUME{01d910b5b8a367ec-6eb8e33a}\USERS\ADMINISTRATOR\DESKTOP\SYSINTERNALSSUITE\SIGCHECK.EXE
2024-10-29 21:07:37,\VOLUME{01d910b5b8a367ec-6eb8e33a}\USERS\ADMINISTRATOR\DESKTOP\SYSINTERNALSSUITE\SIGCHECK.EXE
2024-10-26 19:18:17,\VOLUME{01d910b5b8a367ec-6eb8e33a}\USERS\ADMINISTRATOR\DESKTOP\SYSINTERNALSSUITE\SIGCHECK.EXE
2024-10-25 20:30:35,\VOLUME{01d910b5b8a367ec-6eb8e33a}\USERS\ADMINISTRATOR\DESKTOP\SYSINTERNALSSUITE\SIGCHECK.EXE
2024-10-25 20:28:01,\VOLUME{01d910b5b8a367ec-6eb8e33a}\USERS\ADMINISTRATOR\DESKTOP\SYSINTERNALSSUITE\SIGCHECK.EXE
2024-11-20 17:59:46,\VOLUME{01d910b5b8a367ec-6eb8e33a}\WINDOWS\SYSTEM32\SIHCLIENT.EXE
2022-12-15 22:22:26,\VOLUME{01d910b5b8a367ec-6eb8e33a}\WINDOWS\SYSTEM32\SIHOST.EXE
2022-12-15 22:21:24,\VOLUME{01d910b5b8a367ec-6eb8e33a}\WINDOWS\SYSTEM32\SIHOST.EXE
2022-12-15 22:20:34,\VOLUME{01d910b5b8a367ec-6eb8e33a}\WINDOWS\SYSTEM32\SIHOST.EXE
2022-12-15 22:19:51,\VOLUME{01d910b5b8a367ec-6eb8e33a}\WINDOWS\SYSTEM32\SIHOST.EXE
2022-12-15 20:20:40,\VOLUME{01d910b5b8a367ec-6eb8e33a}\WINDOWS\SYSTEM32\SIHOST.EXE
2024-11-20 19:56:34,\VOLUME{01d910b5b8a367ec-6eb8e33a}\WINDOWS\SYSTEM32\SMARTSCREEN.EXE
2024-11-20 18:50:45,\VOLUME{01d910b5b8a367ec-6eb8e33a}\WINDOWS\SYSTEM32\SMARTSCREEN.EXE
2024-11-20 18:09:34,\VOLUME{01d910b5b8a367ec-6eb8e33a}\WINDOWS\SYSTEM32\SMARTSCREEN.EXE
2024-11-20 17:59:35,\VOLUME{01d910b5b8a367ec-6eb8e33a}\WINDOWS\SYSTEM32\SMARTSCREEN.EXE
2024-10-26 19:08:43,\VOLUME{01d910b5b8a367ec-6eb8e33a}\WINDOWS\SYSTEM32\SNIPPINGTOOL.EXE
2024-10-26 19:07:30,\VOLUME{01d910b5b8a367ec-6eb8e33a}\WINDOWS\SYSTEM32\SNIPPINGTOOL.EXE
2024-09-19 09:50:44,\VOLUME{01d910b5b8a367ec-6eb8e33a}\WINDOWS\SYSTEM32\SNIPPINGTOOL.EXE
2024-08-01 21:17:44,\VOLUME{01d910b5b8a367ec-6eb8e33a}\WINDOWS\SYSTEM32\SNIPPINGTOOL.EXE
2024-07-18 15:41:01,\VOLUME{01d910b5b8a367ec-6eb8e33a}\WINDOWS\SYSTEM32\SNIPPINGTOOL.EXE
2024-07-17 19:40:20,\VOLUME{01d910b5b8a367ec-6eb8e33a}\WINDOWS\SYSTEM32\SNIPPINGTOOL.EXE
2023-07-26 19:42:03,\VOLUME{01d910b5b8a367ec-6eb8e33a}\WINDOWS\SYSTEM32\SNIPPINGTOOL.EXE
2023-07-22 12:48:52,\VOLUME{01d910b5b8a367ec-6eb8e33a}\WINDOWS\SYSTEM32\SNIPPINGTOOL.EXE
2024-11-20 20:04:18,\VOLUME{01d910b5b8a367ec-6eb8e33a}\WINDOWS\SYSTEM32\SPPSVC.EXE
2024-11-20 19:29:16,\VOLUME{01d910b5b8a367ec-6eb8e33a}\WINDOWS\SYSTEM32\SPPSVC.EXE
2024-11-20 19:02:05,\VOLUME{01d910b5b8a367ec-6eb8e33a}\WINDOWS\SYSTEM32\SPPSVC.EXE
2024-11-20 18:59:16,\VOLUME{01d910b5b8a367ec-6eb8e33a}\WINDOWS\SYSTEM32\SPPSVC.EXE
2024-11-20 18:40:07,\VOLUME{01d910b5b8a367ec-6eb8e33a}\WINDOWS\SYSTEM32\SPPSVC.EXE
2024-11-20 18:09:34,\VOLUME{01d910b5b8a367ec-6eb8e33a}\WINDOWS\SYSTEM32\SPPSVC.EXE
2024-11-20 18:01:21,\VOLUME{01d910b5b8a367ec-6eb8e33a}\WINDOWS\SYSTEM32\SPPSVC.EXE
2024-11-15 07:55:35,\VOLUME{01d910b5b8a367ec-6eb8e33a}\WINDOWS\SYSTEMAPPS\MICROSOFT.WINDOWS.STARTMENUEXPERIENCEHOST_CW5N1H2TXYEWY\STARTMENUEXPERIENCEHOST.EXE
2024-11-15 07:50:06,\VOLUME{01d910b5b8a367ec-6eb8e33a}\WINDOWS\SYSTEMAPPS\MICROSOFT.WINDOWS.STARTMENUEXPERIENCEHOST_CW5N1H2TXYEWY\STARTMENUEXPERIENCEHOST.EXE
2024-11-04 18:01:26,\VOLUME{01d910b5b8a367ec-6eb8e33a}\WINDOWS\SYSTEMAPPS\MICROSOFT.WINDOWS.STARTMENUEXPERIENCEHOST_CW5N1H2TXYEWY\STARTMENUEXPERIENCEHOST.EXE
2024-11-02 17:19:50,\VOLUME{01d910b5b8a367ec-6eb8e33a}\WINDOWS\SYSTEMAPPS\MICROSOFT.WINDOWS.STARTMENUEXPERIENCEHOST_CW5N1H2TXYEWY\STARTMENUEXPERIENCEHOST.EXE
2024-10-13 18:36:43,\VOLUME{01d910b5b8a367ec-6eb8e33a}\WINDOWS\SYSTEMAPPS\MICROSOFT.WINDOWS.STARTMENUEXPERIENCEHOST_CW5N1H2TXYEWY\STARTMENUEXPERIENCEHOST.EXE
2024-10-01 17:51:10,\VOLUME{01d910b5b8a367ec-6eb8e33a}\WINDOWS\SYSTEMAPPS\MICROSOFT.WINDOWS.STARTMENUEXPERIENCEHOST_CW5N1H2TXYEWY\STARTMENUEXPERIENCEHOST.EXE
2024-07-20 13:15:11,\VOLUME{01d910b5b8a367ec-6eb8e33a}\WINDOWS\SYSTEMAPPS\MICROSOFT.WINDOWS.STARTMENUEXPERIENCEHOST_CW5N1H2TXYEWY\STARTMENUEXPERIENCEHOST.EXE
2024-07-20 07:13:33,\VOLUME{01d910b5b8a367ec-6eb8e33a}\WINDOWS\SYSTEMAPPS\MICROSOFT.WINDOWS.STARTMENUEXPERIENCEHOST_CW5N1H2TXYEWY\STARTMENUEXPERIENCEHOST.EXE
2024-11-15 20:50:55,\VOLUME{01d910b5b8a367ec-6eb8e33a}\WINDOWS\SYSTEMAPPS\MICROSOFT.WINDOWS.STARTMENUEXPERIENCEHOST_CW5N1H2TXYEWY\STARTMENUEXPERIENCEHOST.EXE
2024-03-31 02:44:56,\VOLUME{01d910b5b8a367ec-6eb8e33a}\WINDOWS\SYSTEMAPPS\MICROSOFT.WINDOWS.STARTMENUEXPERIENCEHOST_CW5N1H2TXYEWY\STARTMENUEXPERIENCEHOST.EXE
2024-01-13 11:01:45,\VOLUME{01d910b5b8a367ec-6eb8e33a}\WINDOWS\SYSTEMAPPS\MICROSOFT.WINDOWS.STARTMENUEXPERIENCEHOST_CW5N1H2TXYEWY\STARTMENUEXPERIENCEHOST.EXE
2024-01-08 12:05:39,\VOLUME{01d910b5b8a367ec-6eb8e33a}\WINDOWS\SYSTEMAPPS\MICROSOFT.WINDOWS.STARTMENUEXPERIENCEHOST_CW5N1H2TXYEWY\STARTMENUEXPERIENCEHOST.EXE
2023-10-04 17:18:55,\VOLUME{01d910b5b8a367ec-6eb8e33a}\WINDOWS\SYSTEMAPPS\MICROSOFT.WINDOWS.STARTMENUEXPERIENCEHOST_CW5N1H2TXYEWY\STARTMENUEXPERIENCEHOST.EXE
2023-08-09 20:58:40,\VOLUME{01d910b5b8a367ec-6eb8e33a}\WINDOWS\SYSTEMAPPS\MICROSOFT.WINDOWS.STARTMENUEXPERIENCEHOST_CW5N1H2TXYEWY\STARTMENUEXPERIENCEHOST.EXE
2023-07-22 18:36:46,\VOLUME{01d910b5b8a367ec-6eb8e33a}\WINDOWS\SYSTEMAPPS\MICROSOFT.WINDOWS.STARTMENUEXPERIENCEHOST_CW5N1H2TXYEWY\STARTMENUEXPERIENCEHOST.EXE
2023-07-02 00:04:29,\VOLUME{01d910b5b8a367ec-6eb8e33a}\WINDOWS\SYSTEMAPPS\MICROSOFT.WINDOWS.STARTMENUEXPERIENCEHOST_CW5N1H2TXYEWY\STARTMENUEXPERIENCEHOST.EXE
2023-05-29 10:56:30,\VOLUME{01d910b5b8a367ec-6eb8e33a}\WINDOWS\SYSTEMAPPS\MICROSOFT.WINDOWS.STARTMENUEXPERIENCEHOST_CW5N1H2TXYEWY\STARTMENUEXPERIENCEHOST.EXE
2023-02-21 14:44:23,\VOLUME{01d910b5b8a367ec-6eb8e33a}\WINDOWS\SYSTEMAPPS\MICROSOFT.WINDOWS.STARTMENUEXPERIENCEHOST_CW5N1H2TXYEWY\STARTMENUEXPERIENCEHOST.EXE
2023-01-25 09:01:43,\VOLUME{01d910b5b8a367ec-6eb8e33a}\WINDOWS\SYSTEMAPPS\MICROSOFT.WINDOWS.STARTMENUEXPERIENCEHOST_CW5N1H2TXYEWY\STARTMENUEXPERIENCEHOST.EXE
2024-11-20 18:01:21,\VOLUME{01d910b5b8a367ec-6eb8e33a}\WINDOWS\SYSTEM32\SVCHOST.EXE
2024-11-20 18:01:07,\VOLUME{01d910b5b8a367ec-6eb8e33a}\WINDOWS\SYSTEM32\SVCHOST.EXE
2024-11-20 19:14:16,\VOLUME{01d910b5b8a367ec-6eb8e33a}\WINDOWS\SYSTEM32\SVCHOST.EXE
2024-11-20 19:02:00,\VOLUME{01d910b5b8a367ec-6eb8e33a}\WINDOWS\SYSTEM32\SVCHOST.EXE
2024-11-20 18:29:21,\VOLUME{01d910b5b8a367ec-6eb8e33a}\WINDOWS\SYSTEM32\SVCHOST.EXE
2024-11-20 18:37:02,\VOLUME{01d910b5b8a367ec-6eb8e33a}\WINDOWS\SYSTEM32\SVCHOST.EXE
2024-11-20 18:01:21,\VOLUME{01d910b5b8a367ec-6eb8e33a}\WINDOWS\SYSTEM32\SVCHOST.EXE
2024-11-20 19:59:21,\VOLUME{01d910b5b8a367ec-6eb8e33a}\WINDOWS\SYSTEM32\SVCHOST.EXE
2024-11-20 19:56:34,\VOLUME{01d910b5b8a367ec-6eb8e33a}\WINDOWS\SYSTEM32\SVCHOST.EXE
2024-11-20 18:29:16,\VOLUME{01d910b5b8a367ec-6eb8e33a}\WINDOWS\SYSTEM32\SVCHOST.EXE
2024-11-20 17:59:34,\VOLUME{01d910b5b8a367ec-6eb8e33a}\WINDOWS\SYSTEM32\SVCHOST.EXE
2024-11-20 19:48:42,\VOLUME{01d910b5b8a367ec-6eb8e33a}\WINDOWS\SYSTEM32\SVCHOST.EXE
2024-11-20 19:08:16,\VOLUME{01d910b5b8a367ec-6eb8e33a}\WINDOWS\SYSTEM32\SVCHOST.EXE
2024-11-20 18:38:16,\VOLUME{01d910b5b8a367ec-6eb8e33a}\WINDOWS\SYSTEM32\SVCHOST.EXE
2024-11-20 18:34:40,\VOLUME{01d910b5b8a367ec-6eb8e33a}\WINDOWS\SYSTEM32\SVCHOST.EXE
2024-11-20 18:04:40,\VOLUME{01d910b5b8a367ec-6eb8e33a}\WINDOWS\SYSTEM32\SVCHOST.EXE
2024-11-20 18:07:17,\VOLUME{01d910b5b8a367ec-6eb8e33a}\WINDOWS\SYSTEM32\SVCHOST.EXE
2024-11-20 18:04:21,\VOLUME{01d910b5b8a367ec-6eb8e33a}\WINDOWS\SYSTEM32\SVCHOST.EXE
2024-11-20 17:59:39,\VOLUME{01d910b5b8a367ec-6eb8e33a}\WINDOWS\SYSTEM32\SVCHOST.EXE
2024-11-20 20:00:53,\VOLUME{01d910b5b8a367ec-6eb8e33a}\WINDOWS\SYSTEM32\SVCHOST.EXE
2024-11-20 19:01:24,\VOLUME{01d910b5b8a367ec-6eb8e33a}\WINDOWS\SYSTEM32\SVCHOST.EXE
2024-11-20 20:09:44,\VOLUME{01d910b5b8a367ec-6eb8e33a}\WINDOWS\SYSTEM32\SVCHOST.EXE
2024-11-20 19:54:44,\VOLUME{01d910b5b8a367ec-6eb8e33a}\WINDOWS\SYSTEM32\SVCHOST.EXE
2024-11-20 19:39:44,\VOLUME{01d910b5b8a367ec-6eb8e33a}\WINDOWS\SYSTEM32\SVCHOST.EXE
2024-11-20 19:24:44,\VOLUME{01d910b5b8a367ec-6eb8e33a}\WINDOWS\SYSTEM32\SVCHOST.EXE
2024-11-20 19:09:44,\VOLUME{01d910b5b8a367ec-6eb8e33a}\WINDOWS\SYSTEM32\SVCHOST.EXE
2024-11-20 18:54:44,\VOLUME{01d910b5b8a367ec-6eb8e33a}\WINDOWS\SYSTEM32\SVCHOST.EXE
2024-11-20 18:39:44,\VOLUME{01d910b5b8a367ec-6eb8e33a}\WINDOWS\SYSTEM32\SVCHOST.EXE
2024-11-20 18:29:43,\VOLUME{01d910b5b8a367ec-6eb8e33a}\WINDOWS\SYSTEM32\SVCHOST.EXE
2024-11-20 19:04:46,\VOLUME{01d910b5b8a367ec-6eb8e33a}\WINDOWS\SYSTEM32\SVCHOST.EXE
2024-11-20 19:00:42,\VOLUME{01d910b5b8a367ec-6eb8e33a}\WINDOWS\SYSTEM32\SVCHOST.EXE
2024-11-20 18:10:36,\VOLUME{01d910b5b8a367ec-6eb8e33a}\WINDOWS\SYSTEM32\SVCHOST.EXE
2024-11-20 18:07:17,\VOLUME{01d910b5b8a367ec-6eb8e33a}\WINDOWS\SYSTEM32\SVCHOST.EXE
2024-11-20 17:59:39,\VOLUME{01d910b5b8a367ec-6eb8e33a}\WINDOWS\SYSTEM32\SVCHOST.EXE
2024-11-20 18:37:01,\VOLUME{01d910b5b8a367ec-6eb8e33a}\WINDOWS\SYSTEM32\SVCHOST.EXE
2024-11-20 19:29:16,\VOLUME{01d910b5b8a367ec-6eb8e33a}\WINDOWS\SYSTEM32\SVCHOST.EXE
2024-11-20 18:59:16,\VOLUME{01d910b5b8a367ec-6eb8e33a}\WINDOWS\SYSTEM32\SVCHOST.EXE
2024-11-20 18:01:22,\VOLUME{01d910b5b8a367ec-6eb8e33a}\WINDOWS\SYSTEM32\SVCHOST.EXE
2024-11-20 18:37:31,\VOLUME{01d910b5b8a367ec-6eb8e33a}\WINDOWS\SYSTEM32\SVCHOST.EXE
2024-11-20 18:05:07,\VOLUME{01d910b5b8a367ec-6eb8e33a}\WINDOWS\SYSTEM32\SVCHOST.EXE
2024-11-20 20:07:17,\VOLUME{01d910b5b8a367ec-6eb8e33a}\WINDOWS\SYSTEM32\SVCHOST.EXE
2024-11-20 19:59:16,\VOLUME{01d910b5b8a367ec-6eb8e33a}\WINDOWS\SYSTEM32\SVCHOST.EXE
2024-11-20 19:43:39,\VOLUME{01d910b5b8a367ec-6eb8e33a}\WINDOWS\SYSTEM32\SVCHOST.EXE
2024-11-20 19:29:16,\VOLUME{01d910b5b8a367ec-6eb8e33a}\WINDOWS\SYSTEM32\SVCHOST.EXE
2024-11-20 19:14:16,\VOLUME{01d910b5b8a367ec-6eb8e33a}\WINDOWS\SYSTEM32\SVCHOST.EXE
2024-11-20 18:59:16,\VOLUME{01d910b5b8a367ec-6eb8e33a}\WINDOWS\SYSTEM32\SVCHOST.EXE
2024-11-20 18:29:16,\VOLUME{01d910b5b8a367ec-6eb8e33a}\WINDOWS\SYSTEM32\SVCHOST.EXE
2024-11-20 18:00:48,\VOLUME{01d910b5b8a367ec-6eb8e33a}\WINDOWS\SYSTEM32\SVCHOST.EXE
2024-11-20 20:04:18,\VOLUME{01d910b5b8a367ec-6eb8e33a}\WINDOWS\SYSTEM32\SVCHOST.EXE
2024-11-20 18:37:01,\VOLUME{01d910b5b8a367ec-6eb8e33a}\WINDOWS\SYSTEM32\SVCHOST.EXE
2024-11-20 18:07:17,\VOLUME{01d910b5b8a367ec-6eb8e33a}\WINDOWS\SYSTEM32\SVCHOST.EXE
2024-11-20 18:05:07,\VOLUME{01d910b5b8a367ec-6eb8e33a}\WINDOWS\SYSTEM32\SVCHOST.EXE
2024-11-20 18:02:34,\VOLUME{01d910b5b8a367ec-6eb8e33a}\WINDOWS\SYSTEM32\SVCHOST.EXE
2024-11-20 18:00:05,\VOLUME{01d910b5b8a367ec-6eb8e33a}\WINDOWS\SYSTEM32\SVCHOST.EXE
2024-11-20 20:04:18,\VOLUME{01d910b5b8a367ec-6eb8e33a}\WINDOWS\SYSTEM32\SVCHOST.EXE
2024-11-20 19:43:39,\VOLUME{01d910b5b8a367ec-6eb8e33a}\WINDOWS\SYSTEM32\SVCHOST.EXE
2024-11-20 19:29:15,\VOLUME{01d910b5b8a367ec-6eb8e33a}\WINDOWS\SYSTEM32\SVCHOST.EXE
2024-11-20 19:08:16,\VOLUME{01d910b5b8a367ec-6eb8e33a}\WINDOWS\SYSTEM32\SVCHOST.EXE
2024-11-20 18:59:16,\VOLUME{01d910b5b8a367ec-6eb8e33a}\WINDOWS\SYSTEM32\SVCHOST.EXE
2024-11-20 18:34:40,\VOLUME{01d910b5b8a367ec-6eb8e33a}\WINDOWS\SYSTEM32\SVCHOST.EXE
2024-11-20 18:25:40,\VOLUME{01d910b5b8a367ec-6eb8e33a}\WINDOWS\SYSTEM32\SVCHOST.EXE
2024-11-20 18:19:39,\VOLUME{01d910b5b8a367ec-6eb8e33a}\WINDOWS\SYSTEM32\SVCHOST.EXE
2024-11-20 17:59:23,\VOLUME{01d910b5b8a367ec-6eb8e33a}\PROGRAM FILES\SYNAPTICS\SYNTP\SYNTPENH.EXE
2024-08-01 20:35:05,\VOLUME{01d910b5b8a367ec-6eb8e33a}\WINDOWS\SYSTEM32\SYSTEMPROPERTIESADVANCED.EXE
2024-08-01 20:33:49,\VOLUME{01d910b5b8a367ec-6eb8e33a}\WINDOWS\SYSTEM32\SYSTEMPROPERTIESADVANCED.EXE
2024-08-01 20:31:37,\VOLUME{01d910b5b8a367ec-6eb8e33a}\WINDOWS\SYSTEM32\SYSTEMPROPERTIESADVANCED.EXE
2024-06-09 20:16:28,\VOLUME{01d910b5b8a367ec-6eb8e33a}\WINDOWS\SYSTEM32\SYSTEMPROPERTIESADVANCED.EXE
2023-07-22 18:25:43,SYSTEMPROPERTIESPROTECTION.EX
2024-08-01 20:31:27,\VOLUME{01d910b5b8a367ec-6eb8e33a}\WINDOWS\IMMERSIVECONTROLPANEL\SYSTEMSETTINGS.EXE
2024-05-23 21:10:24,\VOLUME{01d910b5b8a367ec-6eb8e33a}\WINDOWS\IMMERSIVECONTROLPANEL\SYSTEMSETTINGS.EXE
2024-04-15 08:33:52,\VOLUME{01d910b5b8a367ec-6eb8e33a}\WINDOWS\IMMERSIVECONTROLPANEL\SYSTEMSETTINGS.EXE
2023-07-20 18:24:37,\VOLUME{01d910b5b8a367ec-6eb8e33a}\WINDOWS\IMMERSIVECONTROLPANEL\SYSTEMSETTINGS.EXE
2023-01-22 12:22:10,\VOLUME{01d910b5b8a367ec-6eb8e33a}\WINDOWS\IMMERSIVECONTROLPANEL\SYSTEMSETTINGS.EXE
2022-12-15 22:34:04,\VOLUME{01d910b5b8a367ec-6eb8e33a}\WINDOWS\IMMERSIVECONTROLPANEL\SYSTEMSETTINGS.EXE
2022-12-15 22:33:08,\VOLUME{01d910b5b8a367ec-6eb8e33a}\WINDOWS\IMMERSIVECONTROLPANEL\SYSTEMSETTINGS.EXE
2022-12-15 20:02:06,\VOLUME{01d910b5b8a367ec-6eb8e33a}\WINDOWS\IMMERSIVECONTROLPANEL\SYSTEMSETTINGS.EXE
2024-05-31 14:04:27,\VOLUME{01d910b5b8a367ec-6eb8e33a}\WINDOWS\SYSTEM32\SYSTEMSETTINGSADMINFLOWS.EXE
2023-07-22 18:08:52,\VOLUME{01d910b5b8a367ec-6eb8e33a}\WINDOWS\SYSTEM32\SYSTEMSETTINGSADMINFLOWS.EXE
2023-05-29 06:09:41,\VOLUME{01d910b5b8a367ec-6eb8e33a}\WINDOWS\SYSTEM32\SYSTEMSETTINGSADMINFLOWS.EXE
2022-12-19 20:55:13,\VOLUME{01d910b5b8a367ec-6eb8e33a}\WINDOWS\SYSTEM32\SYSTEMSETTINGSADMINFLOWS.EXE
2022-12-19 20:53:50,\VOLUME{01d910b5b8a367ec-6eb8e33a}\WINDOWS\SYSTEM32\SYSTEMSETTINGSADMINFLOWS.EXE
2022-12-19 20:53:48,\VOLUME{01d910b5b8a367ec-6eb8e33a}\WINDOWS\SYSTEM32\SYSTEMSETTINGSADMINFLOWS.EXE
2022-12-19 20:53:39,\VOLUME{01d910b5b8a367ec-6eb8e33a}\WINDOWS\SYSTEM32\SYSTEMSETTINGSADMINFLOWS.EXE
2022-12-19 20:53:29,\VOLUME{01d910b5b8a367ec-6eb8e33a}\WINDOWS\SYSTEM32\SYSTEMSETTINGSADMINFLOWS.EXE
2024-11-20 19:02:01,\VOLUME{01d910b5b8a367ec-6eb8e33a}\WINDOWS\SYSTEM32\TASKHOSTW.EXE
2024-11-20 18:37:02,\VOLUME{01d910b5b8a367ec-6eb8e33a}\WINDOWS\SYSTEM32\TASKHOSTW.EXE
2024-11-20 18:37:02,\VOLUME{01d910b5b8a367ec-6eb8e33a}\WINDOWS\SYSTEM32\TASKHOSTW.EXE
2024-11-20 18:14:21,\VOLUME{01d910b5b8a367ec-6eb8e33a}\WINDOWS\SYSTEM32\TASKHOSTW.EXE
2024-11-20 18:14:19,\VOLUME{01d910b5b8a367ec-6eb8e33a}\WINDOWS\SYSTEM32\TASKHOSTW.EXE
2024-11-20 18:07:17,\VOLUME{01d910b5b8a367ec-6eb8e33a}\WINDOWS\SYSTEM32\TASKHOSTW.EXE
2024-11-20 18:02:19,\VOLUME{01d910b5b8a367ec-6eb8e33a}\WINDOWS\SYSTEM32\TASKHOSTW.EXE
2024-11-20 18:01:18,\VOLUME{01d910b5b8a367ec-6eb8e33a}\WINDOWS\SYSTEM32\TASKHOSTW.EXE
2024-11-15 18:26:16,\VOLUME{01d910b5b8a367ec-6eb8e33a}\WINDOWS\SYSTEM32\TASKMGR.EXE
2024-11-15 07:49:40,\VOLUME{01d910b5b8a367ec-6eb8e33a}\WINDOWS\SYSTEM32\TASKMGR.EXE
2024-11-15 07:45:53,\VOLUME{01d910b5b8a367ec-6eb8e33a}\WINDOWS\SYSTEM32\TASKMGR.EXE
2024-11-13 20:27:06,\VOLUME{01d910b5b8a367ec-6eb8e33a}\WINDOWS\SYSTEM32\TASKMGR.EXE
2024-11-12 20:59:07,\VOLUME{01d910b5b8a367ec-6eb8e33a}\WINDOWS\SYSTEM32\TASKMGR.EXE
2024-11-09 10:40:13,\VOLUME{01d910b5b8a367ec-6eb8e33a}\WINDOWS\SYSTEM32\TASKMGR.EXE
2024-11-09 07:29:48,\VOLUME{01d910b5b8a367ec-6eb8e33a}\WINDOWS\SYSTEM32\TASKMGR.EXE
2024-11-07 20:35:14,\VOLUME{01d910b5b8a367ec-6eb8e33a}\WINDOWS\SYSTEM32\TASKMGR.EXE
2024-11-20 17:59:40,\VOLUME{01d910b5b8a367ec-6eb8e33a}\USERS\ADMINISTRATOR\APPDATA\LOCAL\MICROSOFT\TEAMS\CURRENT\TEAMS.EXE
2024-11-19 18:24:35,\VOLUME{01d910b5b8a367ec-6eb8e33a}\USERS\ADMINISTRATOR\APPDATA\LOCAL\MICROSOFT\TEAMS\CURRENT\TEAMS.EXE
2024-11-18 18:09:06,\VOLUME{01d910b5b8a367ec-6eb8e33a}\USERS\ADMINISTRATOR\APPDATA\LOCAL\MICROSOFT\TEAMS\CURRENT\TEAMS.EXE
2024-11-17 17:35:36,\VOLUME{01d910b5b8a367ec-6eb8e33a}\USERS\ADMINISTRATOR\APPDATA\LOCAL\MICROSOFT\TEAMS\CURRENT\TEAMS.EXE
2024-11-16 19:03:44,\VOLUME{01d910b5b8a367ec-6eb8e33a}\USERS\ADMINISTRATOR\APPDATA\LOCAL\MICROSOFT\TEAMS\CURRENT\TEAMS.EXE
2024-11-15 20:51:14,\VOLUME{01d910b5b8a367ec-6eb8e33a}\USERS\ADMINISTRATOR\APPDATA\LOCAL\MICROSOFT\TEAMS\CURRENT\TEAMS.EXE
2024-11-15 16:47:19,\VOLUME{01d910b5b8a367ec-6eb8e33a}\USERS\ADMINISTRATOR\APPDATA\LOCAL\MICROSOFT\TEAMS\CURRENT\TEAMS.EXE
2024-11-15 05:46:42,\VOLUME{01d910b5b8a367ec-6eb8e33a}\USERS\ADMINISTRATOR\APPDATA\LOCAL\MICROSOFT\TEAMS\CURRENT\TEAMS.EXE
2024-11-20 18:01:41,\VOLUME{01d910b5b8a367ec-6eb8e33a}\USERS\ADMINISTRATOR\APPDATA\LOCAL\MICROSOFT\TEAMS\CURRENT\TEAMS.EXE
2024-07-06 14:13:05,\VOLUME{01d910b5b8a367ec-6eb8e33a}\WINDOWS\SYSTEMAPPS\MICROSOFTWINDOWS.CLIENT.CBS_CW5N1H2TXYEWY\TEXTINPUTHOST.EXE
2024-06-29 06:35:58,\VOLUME{01d910b5b8a367ec-6eb8e33a}\WINDOWS\SYSTEMAPPS\MICROSOFTWINDOWS.CLIENT.CBS_CW5N1H2TXYEWY\TEXTINPUTHOST.EXE
2024-06-20 19:33:21,\VOLUME{01d910b5b8a367ec-6eb8e33a}\WINDOWS\SYSTEMAPPS\MICROSOFTWINDOWS.CLIENT.CBS_CW5N1H2TXYEWY\TEXTINPUTHOST.EXE
2024-06-20 08:03:55,\VOLUME{01d910b5b8a367ec-6eb8e33a}\WINDOWS\SYSTEMAPPS\MICROSOFTWINDOWS.CLIENT.CBS_CW5N1H2TXYEWY\TEXTINPUTHOST.EXE
2024-06-13 20:25:03,\VOLUME{01d910b5b8a367ec-6eb8e33a}\WINDOWS\SYSTEMAPPS\MICROSOFTWINDOWS.CLIENT.CBS_CW5N1H2TXYEWY\TEXTINPUTHOST.EXE
2024-03-28 21:09:36,\VOLUME{01d910b5b8a367ec-6eb8e33a}\WINDOWS\SYSTEMAPPS\MICROSOFTWINDOWS.CLIENT.CBS_CW5N1H2TXYEWY\TEXTINPUTHOST.EXE
2024-03-26 00:18:10,\VOLUME{01d910b5b8a367ec-6eb8e33a}\WINDOWS\SYSTEMAPPS\MICROSOFTWINDOWS.CLIENT.CBS_CW5N1H2TXYEWY\TEXTINPUTHOST.EXE
2024-01-13 11:06:07,\VOLUME{01d910b5b8a367ec-6eb8e33a}\WINDOWS\SYSTEMAPPS\MICROSOFTWINDOWS.CLIENT.CBS_CW5N1H2TXYEWY\TEXTINPUTHOST.EXE
2024-11-19 18:28:04,\VOLUME{01d910b5b8a367ec-6eb8e33a}\WINDOWS\SYSTEMAPPS\MICROSOFTWINDOWS.CLIENT.CBS_CW5N1H2TXYEWY\TEXTINPUTHOST.EXE
2024-11-18 18:17:26,\VOLUME{01d910b5b8a367ec-6eb8e33a}\WINDOWS\SYSTEMAPPS\MICROSOFTWINDOWS.CLIENT.CBS_CW5N1H2TXYEWY\TEXTINPUTHOST.EXE
2024-11-17 17:35:59,\VOLUME{01d910b5b8a367ec-6eb8e33a}\WINDOWS\SYSTEMAPPS\MICROSOFTWINDOWS.CLIENT.CBS_CW5N1H2TXYEWY\TEXTINPUTHOST.EXE
2024-11-16 19:14:44,\VOLUME{01d910b5b8a367ec-6eb8e33a}\WINDOWS\SYSTEMAPPS\MICROSOFTWINDOWS.CLIENT.CBS_CW5N1H2TXYEWY\TEXTINPUTHOST.EXE
2024-11-15 21:01:42,\VOLUME{01d910b5b8a367ec-6eb8e33a}\WINDOWS\SYSTEMAPPS\MICROSOFTWINDOWS.CLIENT.CBS_CW5N1H2TXYEWY\TEXTINPUTHOST.EXE
2024-11-15 16:48:14,\VOLUME{01d910b5b8a367ec-6eb8e33a}\WINDOWS\SYSTEMAPPS\MICROSOFTWINDOWS.CLIENT.CBS_CW5N1H2TXYEWY\TEXTINPUTHOST.EXE
2024-11-15 07:55:35,\VOLUME{01d910b5b8a367ec-6eb8e33a}\WINDOWS\SYSTEMAPPS\MICROSOFTWINDOWS.CLIENT.CBS_CW5N1H2TXYEWY\TEXTINPUTHOST.EXE
2024-11-15 07:50:06,\VOLUME{01d910b5b8a367ec-6eb8e33a}\WINDOWS\SYSTEMAPPS\MICROSOFTWINDOWS.CLIENT.CBS_CW5N1H2TXYEWY\TEXTINPUTHOST.EXE
2022-12-15 19:22:35,\VOLUME{01d910b5b8a367ec-6eb8e33a}\WINDOWS\SYSTEMAPPS\MICROSOFTWINDOWS.CLIENT.CBS_CW5N1H2TXYEWY\TEXTINPUTHOST.EXE
2022-12-15 19:08:53,\VOLUME{01d910b5b8a367ec-6eb8e33a}\WINDOWS\SYSTEMAPPS\MICROSOFTWINDOWS.CLIENT.CBS_CW5N1H2TXYEWY\TEXTINPUTHOST.EXE
2022-12-15 19:03:31,\VOLUME{01d910b5b8a367ec-6eb8e33a}\WINDOWS\SYSTEMAPPS\MICROSOFTWINDOWS.CLIENT.CBS_CW5N1H2TXYEWY\TEXTINPUTHOST.EXE
2024-04-07 19:54:06,\VOLUME{01d910b5b8a367ec-6eb8e33a}\WINDOWS\SYSTEMAPPS\MICROSOFTWINDOWS.CLIENT.CBS_CW5N1H2TXYEWY\TEXTINPUTHOST.EXE
2024-04-05 02:57:29,\VOLUME{01d910b5b8a367ec-6eb8e33a}\WINDOWS\SYSTEMAPPS\MICROSOFTWINDOWS.CLIENT.CBS_CW5N1H2TXYEWY\TEXTINPUTHOST.EXE
2024-04-04 20:52:32,\VOLUME{01d910b5b8a367ec-6eb8e33a}\WINDOWS\SYSTEMAPPS\MICROSOFTWINDOWS.CLIENT.CBS_CW5N1H2TXYEWY\TEXTINPUTHOST.EXE
2024-04-03 03:15:48,\VOLUME{01d910b5b8a367ec-6eb8e33a}\WINDOWS\SYSTEMAPPS\MICROSOFTWINDOWS.CLIENT.CBS_CW5N1H2TXYEWY\TEXTINPUTHOST.EXE
2024-04-02 02:31:40,\VOLUME{01d910b5b8a367ec-6eb8e33a}\WINDOWS\SYSTEMAPPS\MICROSOFTWINDOWS.CLIENT.CBS_CW5N1H2TXYEWY\TEXTINPUTHOST.EXE
2024-03-31 02:46:07,\VOLUME{01d910b5b8a367ec-6eb8e33a}\WINDOWS\SYSTEMAPPS\MICROSOFTWINDOWS.CLIENT.CBS_CW5N1H2TXYEWY\TEXTINPUTHOST.EXE
2024-11-18 19:19:28,\VOLUME{01d910b5b8a367ec-6eb8e33a}\USERS\ADMINISTRATOR\DESKTOP\TIMELINEEXPLORER\TIMELINEEXPLORER.EXE
2024-11-17 19:53:20,\VOLUME{01d910b5b8a367ec-6eb8e33a}\USERS\ADMINISTRATOR\DESKTOP\TIMELINEEXPLORER\TIMELINEEXPLORER.EXE
2024-11-17 18:43:00,\VOLUME{01d910b5b8a367ec-6eb8e33a}\USERS\ADMINISTRATOR\DESKTOP\TIMELINEEXPLORER\TIMELINEEXPLORER.EXE
2024-11-16 20:40:30,\VOLUME{01d910b5b8a367ec-6eb8e33a}\USERS\ADMINISTRATOR\DESKTOP\TIMELINEEXPLORER\TIMELINEEXPLORER.EXE
2024-11-15 22:06:25,\VOLUME{01d910b5b8a367ec-6eb8e33a}\USERS\ADMINISTRATOR\DESKTOP\TIMELINEEXPLORER\TIMELINEEXPLORER.EXE
2024-11-09 07:40:48,\VOLUME{01d910b5b8a367ec-6eb8e33a}\USERS\ADMINISTRATOR\DESKTOP\TIMELINEEXPLORER\TIMELINEEXPLORER.EXE
2024-11-09 07:33:51,\VOLUME{01d910b5b8a367ec-6eb8e33a}\USERS\ADMINISTRATOR\DESKTOP\TIMELINEEXPLORER\TIMELINEEXPLORER.EXE
2024-11-08 21:59:24,\VOLUME{01d910b5b8a367ec-6eb8e33a}\USERS\ADMINISTRATOR\DESKTOP\TIMELINEEXPLORER\TIMELINEEXPLORER.EXE
2024-11-20 19:59:21,\VOLUME{01d910b5b8a367ec-6eb8e33a}\WINDOWS\WINSXS\AMD64_MICROSOFT-WINDOWS-SERVICINGSTACK_31BF3856AD364E35_10.0.19041.5071_NONE_7E3C4E707C6A2679\TIWORKER.EXE
2024-11-20 18:37:01,\VOLUME{01d910b5b8a367ec-6eb8e33a}\WINDOWS\WINSXS\AMD64_MICROSOFT-WINDOWS-SERVICINGSTACK_31BF3856AD364E35_10.0.19041.5071_NONE_7E3C4E707C6A2679\TIWORKER.EXE
2024-11-20 18:14:21,\VOLUME{01d910b5b8a367ec-6eb8e33a}\WINDOWS\WINSXS\AMD64_MICROSOFT-WINDOWS-SERVICINGSTACK_31BF3856AD364E35_10.0.19041.5071_NONE_7E3C4E707C6A2679\TIWORKER.EXE
2024-11-20 17:59:28,\VOLUME{01d910b5b8a367ec-6eb8e33a}\WINDOWS\WINSXS\AMD64_MICROSOFT-WINDOWS-SERVICINGSTACK_31BF3856AD364E35_10.0.19041.5071_NONE_7E3C4E707C6A2679\TIWORKER.EXE
2024-11-20 19:59:21,\VOLUME{01d910b5b8a367ec-6eb8e33a}\WINDOWS\SERVICING\TRUSTEDINSTALLER.EXE
2024-11-20 18:37:01,\VOLUME{01d910b5b8a367ec-6eb8e33a}\WINDOWS\SERVICING\TRUSTEDINSTALLER.EXE
2024-11-20 18:14:21,\VOLUME{01d910b5b8a367ec-6eb8e33a}\WINDOWS\SERVICING\TRUSTEDINSTALLER.EXE
2024-11-20 17:59:28,\VOLUME{01d910b5b8a367ec-6eb8e33a}\WINDOWS\SERVICING\TRUSTEDINSTALLER.EXE
2024-11-20 18:01:22,\VOLUME{01d910b5b8a367ec-6eb8e33a}\PROGRAM FILES\MICROSOFT UPDATE HEALTH TOOLS\UHSSVC.EXE
2024-11-18 18:17:45,\VOLUME{01d910b5b8a367ec-6eb8e33a}\USERS\ADMINISTRATOR\APPDATA\LOCAL\TEMP\~NSU1.TMP\UN.EXE
2023-08-05 15:20:50,\VOLUME{01d910b5b8a367ec-6eb8e33a}\PROGRAM FILES (X86)\EVENT LOG EXPLORER\UNINS000.EXE
2022-12-19 20:35:33,\VOLUME{01d910b5b8a367ec-6eb8e33a}\USERS\ADMINISTRATOR\APPDATA\LOCAL\SQUIRRELTEMP\UPDATE.EXE
2024-11-20 20:07:17,\VOLUME{01d910b5b8a367ec-6eb8e33a}\PROGRAM FILES (X86)\GOOGLE\GOOGLEUPDATER\132.0.6806.0\UPDATER.EXE
2024-11-20 20:03:26,\VOLUME{01d910b5b8a367ec-6eb8e33a}\PROGRAM FILES (X86)\GOOGLE\GOOGLEUPDATER\132.0.6806.0\UPDATER.EXE
2024-11-20 20:03:26,\VOLUME{01d910b5b8a367ec-6eb8e33a}\PROGRAM FILES (X86)\GOOGLE\GOOGLEUPDATER\132.0.6806.0\UPDATER.EXE
2024-11-20 20:03:26,\VOLUME{01d910b5b8a367ec-6eb8e33a}\PROGRAM FILES (X86)\GOOGLE\GOOGLEUPDATER\132.0.6806.0\UPDATER.EXE
2024-11-20 20:03:26,\VOLUME{01d910b5b8a367ec-6eb8e33a}\PROGRAM FILES (X86)\GOOGLE\GOOGLEUPDATER\132.0.6806.0\UPDATER.EXE
2024-11-20 19:07:17,\VOLUME{01d910b5b8a367ec-6eb8e33a}\PROGRAM FILES (X86)\GOOGLE\GOOGLEUPDATER\132.0.6806.0\UPDATER.EXE
2024-11-20 19:03:26,\VOLUME{01d910b5b8a367ec-6eb8e33a}\PROGRAM FILES (X86)\GOOGLE\GOOGLEUPDATER\132.0.6806.0\UPDATER.EXE
2024-11-20 19:03:26,\VOLUME{01d910b5b8a367ec-6eb8e33a}\PROGRAM FILES (X86)\GOOGLE\GOOGLEUPDATER\132.0.6806.0\UPDATER.EXE
2024-11-20 18:01:03,\VOLUME{01d910b5b8a367ec-6eb8e33a}\PROGRAM FILES\FORTINET\FORTICLIENT\UPDATE_TASK.EXE
2024-11-17 18:56:49,USERACCOUNTCONTROLSETTINGS.EX
2024-11-17 18:56:54,USERACCOUNTCONTROLSETTINGS.EX
2024-11-20 18:00:09,\VOLUME{01d910b5b8a367ec-6eb8e33a}\WINDOWS\SYSTEM32\OOBE\USEROOBEBROKER.EXE
2024-11-20 18:05:07,\VOLUME{01d910b5b8a367ec-6eb8e33a}\WINDOWS\SYSTEM32\USOCLIENT.EXE
2022-12-15 20:38:09,\VOLUME{01d910b5b8a367ec-6eb8e33a}\WINDOWS\TEMP\{0402F34D-9B64-4FF8-8072-B79711C7A198}\.CR\VCREDIST_X64.EXE
2022-12-15 20:38:09,\VOLUME{01d910b5b8a367ec-6eb8e33a}\WINDOWS\TEMP\{9A93DA8A-1438-4695-B383-23C3BC364AED}\.BE\VC_REDIST.X64.EXE
2022-12-15 20:39:41,\VOLUME{01d910b5b8a367ec-6eb8e33a}\WINDOWS\TEMP\{B932928B-6D49-440B-B43C-B6C7EE96EFBC}\.BE\VC_REDIST.X86.EXE
2022-12-15 20:39:37,VMWARE-WORKSTATION-FULL-17.0.
2022-12-15 20:38:05,VMWARE-WORKSTATION-FULL-17.0.
2024-09-12 20:15:30,\VOLUME{01d910b5b8a367ec-6eb8e33a}\PROGRAM FILES (X86)\VMWARE\VMWARE WORKSTATION\VMWARE.EXE
2024-05-24 21:10:18,\VOLUME{01d910b5b8a367ec-6eb8e33a}\PROGRAM FILES (X86)\VMWARE\VMWARE WORKSTATION\VMWARE.EXE
2024-05-23 21:42:58,\VOLUME{01d910b5b8a367ec-6eb8e33a}\PROGRAM FILES (X86)\VMWARE\VMWARE WORKSTATION\VMWARE.EXE
2023-10-05 18:28:42,\VOLUME{01d910b5b8a367ec-6eb8e33a}\PROGRAM FILES (X86)\VMWARE\VMWARE WORKSTATION\VMWARE.EXE
2023-08-10 16:58:40,\VOLUME{01d910b5b8a367ec-6eb8e33a}\PROGRAM FILES (X86)\VMWARE\VMWARE WORKSTATION\VMWARE.EXE
2023-08-05 15:12:52,\VOLUME{01d910b5b8a367ec-6eb8e33a}\PROGRAM FILES (X86)\VMWARE\VMWARE WORKSTATION\VMWARE.EXE
2023-07-23 19:55:32,\VOLUME{01d910b5b8a367ec-6eb8e33a}\PROGRAM FILES (X86)\VMWARE\VMWARE WORKSTATION\VMWARE.EXE
2023-07-14 18:41:06,\VOLUME{01d910b5b8a367ec-6eb8e33a}\PROGRAM FILES (X86)\VMWARE\VMWARE WORKSTATION\VMWARE.EXE
2022-12-15 20:41:15,\VOLUME{01d910b5b8a367ec-6eb8e33a}\PROGRAM FILES (X86)\VMWARE\VMWARE WORKSTATION\VNETLIB64.EXE
2022-12-15 20:41:15,\VOLUME{01d910b5b8a367ec-6eb8e33a}\PROGRAM FILES (X86)\VMWARE\VMWARE WORKSTATION\VNETLIB64.EXE
2022-12-15 20:41:15,\VOLUME{01d910b5b8a367ec-6eb8e33a}\PROGRAM FILES (X86)\VMWARE\VMWARE WORKSTATION\VNETLIB64.EXE
2022-12-15 20:41:15,\VOLUME{01d910b5b8a367ec-6eb8e33a}\PROGRAM FILES (X86)\VMWARE\VMWARE WORKSTATION\VNETLIB64.EXE
2022-12-15 20:41:15,\VOLUME{01d910b5b8a367ec-6eb8e33a}\PROGRAM FILES (X86)\VMWARE\VMWARE WORKSTATION\VNETLIB64.EXE
2022-12-15 20:41:15,\VOLUME{01d910b5b8a367ec-6eb8e33a}\PROGRAM FILES (X86)\VMWARE\VMWARE WORKSTATION\VNETLIB64.EXE
2022-12-15 20:41:15,\VOLUME{01d910b5b8a367ec-6eb8e33a}\PROGRAM FILES (X86)\VMWARE\VMWARE WORKSTATION\VNETLIB64.EXE
2022-12-15 20:41:15,\VOLUME{01d910b5b8a367ec-6eb8e33a}\PROGRAM FILES (X86)\VMWARE\VMWARE WORKSTATION\VNETLIB64.EXE
2022-12-15 20:41:14,\VOLUME{01d910b5b8a367ec-6eb8e33a}\PROGRAM FILES (X86)\COMMON FILES\VMWARE\USB\VNETLIB64.EXE
2024-06-09 20:31:40,WINDOWSDESKTOP-RUNTIME-6.0.31
2024-06-09 20:31:43,WINDOWSDESKTOP-RUNTIME-6.0.31
2024-11-08 21:27:52,\VOLUME{01d910b5b8a367ec-6eb8e33a}\PROGRAM FILES\WINDOWSAPPS\MICROSOFT.WINDOWSSTORE_22409.1401.5.0_X64__8WEKYB3D8BBWE\WINSTORE.APP.EXE
2023-07-19 17:49:47,\VOLUME{01d910b5b8a367ec-6eb8e33a}\WINDOWS\WINSXS\AMD64_MICROSOFT-WINDOWS-WINVER_31BF3856AD364E35_10.0.19041.1_NONE_6C428BC03BD6600A\WINVER.EXE
2024-10-01 18:34:17,\VOLUME{01d910b5b8a367ec-6eb8e33a}\PROGRAM FILES\WIRESHARK\WIRESHARK.EXE
2024-11-20 17:59:51,\VOLUME{01d910b5b8a367ec-6eb8e33a}\WINDOWS\SYSTEM32\WLRMDR.EXE
2024-11-20 18:03:18,\VOLUME{01d910b5b8a367ec-6eb8e33a}\WINDOWS\SYSTEM32\WBEM\WMIADAP.EXE
2024-11-20 20:00:53,\VOLUME{01d910b5b8a367ec-6eb8e33a}\WINDOWS\SYSTEM32\WBEM\WMIPRVSE.EXE
2024-11-20 19:01:24,\VOLUME{01d910b5b8a367ec-6eb8e33a}\WINDOWS\SYSTEM32\WBEM\WMIPRVSE.EXE
2023-02-01 11:45:59,\VOLUME{01d910b5b8a367ec-6eb8e33a}\PROGRAM FILES\WINDOWS NT\ACCESSORIES\WORDPAD.EXE
2022-12-15 21:44:48,\VOLUME{01d910b5b8a367ec-6eb8e33a}\PROGRAM FILES\WINDOWS NT\ACCESSORIES\WORDPAD.EXE
2022-12-15 21:40:46,\VOLUME{01d910b5b8a367ec-6eb8e33a}\PROGRAM FILES\WINDOWS NT\ACCESSORIES\WORDPAD.EXE
2022-12-15 21:28:37,\VOLUME{01d910b5b8a367ec-6eb8e33a}\PROGRAM FILES\WINDOWS NT\ACCESSORIES\WORDPAD.EXE
2024-10-11 07:29:56,\VOLUME{01d910b5b8a367ec-6eb8e33a}\WINDOWS\SYSTEM32\WSCRIPT.EXE
2024-05-24 21:10:52,\VOLUME{01d910b5b8a367ec-6eb8e33a}\WINDOWS\SYSTEM32\WSCRIPT.EXE
2024-05-23 21:14:05,\VOLUME{01d910b5b8a367ec-6eb8e33a}\WINDOWS\SYSTEM32\WSCRIPT.EXE
2024-05-23 20:35:26,\VOLUME{01d910b5b8a367ec-6eb8e33a}\WINDOWS\SYSTEM32\WSCRIPT.EXE
2024-05-23 20:30:52,\VOLUME{01d910b5b8a367ec-6eb8e33a}\WINDOWS\SYSTEM32\WSCRIPT.EXE
2024-11-20 18:19:09,\VOLUME{01d910b5b8a367ec-6eb8e33a}\WINDOWS\SYSTEM32\WSL.EXE
2024-11-20 18:19:01,\VOLUME{01d910b5b8a367ec-6eb8e33a}\WINDOWS\SYSTEM32\WSL.EXE
2024-11-20 18:02:24,\VOLUME{01d910b5b8a367ec-6eb8e33a}\WINDOWS\SYSTEM32\WUAUCLT.EXE
2022-12-15 19:08:54,\VOLUME{01d910b5b8a367ec-6eb8e33a}\WINDOWS\SYSTEM32\WWAHOST.EXE
2022-12-15 18:59:15,\VOLUME{01d910b5b8a367ec-6eb8e33a}\WINDOWS\SYSTEM32\WWAHOST.EXE
2024-04-15 08:36:32,\VOLUME{01d910b5b8a367ec-6eb8e33a}\WINDOWS\SYSTEM32\WWAHOST.EXE
2023-08-05 15:20:50,\VOLUME{01d910b5b8a367ec-6eb8e33a}\USERS\ADMINISTRATOR\APPDATA\LOCAL\TEMP\_IU14D2N.TMP
